0 0 0.0392699 0.19751 1 100 1.49998 1.5
46 0.01 0.0392699 0.197508 1 100 1.49996 1.50001
81 0.02 0.0392699 0.197505 1 100 1.49989 1.50006
115 0.03 0.0392699 0.197508 1 100 1.4998 1.50016
149 0.04 0.0392699 0.197506 1 100 1.49967 1.50028
183 0.05 0.0392699 0.197507 1 100 1.49952 1.50044
217 0.06 0.0392699 0.197507 1 100 1.49933 1.50063
251 0.07 0.0392699 0.197507 1 100 1.49912 1.50084
285 0.08 0.0392699 0.197509 1 100 1.49888 1.50109
319 0.09 0.0392699 0.197507 1 100 1.49861 1.50135
353 0.1 0.0392699 0.197505 1 100 1.49832 1.50165
387 0.11 0.0392699 0.197508 1 100 1.49801 1.50197
421 0.12 0.0392699 0.197509 1 100 1.49766 1.50232
455 0.13 0.0392699 0.197508 1 100 1.49728 1.50269
489 0.14 0.0392699 0.197511 1 100 1.49686 1.50309
523 0.15 0.0392699 0.197511 1 100 1.49643 1.50354
557 0.16 0.0392699 0.197514 1 100 1.49598 1.50401
591 0.17 0.0392699 0.197514 1 100 1.49551 1.5045
625 0.18 0.0392699 0.197514 1 100 1.49502 1.50501
659 0.19 0.0392699 0.197513 1 100 1.49452 1.50553
693 0.2 0.0392699 0.197512 1 100 1.494 1.50605
727 0.21 0.0392699 0.197508 1 100 1.49346 1.50657
761 0.22 0.0392699 0.197504 1 100 1.49291 1.50712
795 0.23 0.0392699 0.197505 1 100 1.49236 1.5077
829 0.24 0.0392699 0.197502 1 100 1.49182 1.5083
863 0.25 0.0392699 0.197499 1 100 1.49124 1.50893
897 0.26 0.0392699 0.197497 1 100 1.49062 1.50956
931 0.27 0.0392699 0.197495 1 100 1.48998 1.51024
965 0.28 0.0392699 0.197496 1 100 1.48929 1.51095
999 0.29 0.0392699 0.197497 1 100 1.48859 1.51167
1033 0.3 0.03927 0.197499 1 100 1.48788 1.51242
1067 0.31 0.03927 0.197503 1 100 1.48716 1.51317
1101 0.32 0.03927 0.197508 1 100 1.48642 1.51397
1135 0.33 0.03927 0.197512 1 100 1.48569 1.51477
1169 0.34 0.03927 0.197512 1 100 1.48493 1.51556
1203 0.35 0.03927 0.19751 1 100 1.48417 1.51637
1237 0.36 0.03927 0.197505 1 100 1.48343 1.5172
1271 0.37 0.03927 0.1975 1 100 1.48263 1.51803
1305 0.38 0.03927 0.197499 1 100 1.48165 1.51884
1339 0.39 0.03927 0.197496 1 100 1.48068 1.51968
1373 0.4 0.03927 0.197499 1 100 1.47975 1.52054
1407 0.41 0.03927 0.197499 1 100 1.47885 1.52141
1441 0.42 0.03927 0.197501 1 100 1.47793 1.52229
1475 0.43 0.03927 0.197505 1 100 1.477 1.5232
1509 0.44 0.03927 0.197507 1 100 1.47615 1.52413
1543 0.45 0.03927 0.197509 1 100 1.47533 1.5251
1577 0.46 0.03927 0.197506 1 100 1.47456 1.52608
1611 0.47 0.03927 0.197505 1 100 1.47377 1.52708
1645 0.48 0.0392701 0.197502 1 100 1.47298 1.52811
1679 0.49 0.0392701 0.1975 1 100 1.47217 1.52916
1713 0.5 0.0392701 0.197499 1 100 1.47136 1.53023
1747 0.51 0.0392701 0.1975 1 100 1.47054 1.53131
1781 0.52 0.0392701 0.197507 1 100 1.4697 1.53239
1815 0.53 0.0392701 0.197514 1 100 1.46884 1.5335
1849 0.54 0.0392701 0.197515 1 100 1.46795 1.53465
1883 0.55 0.0392701 0.197515 1 100 1.46702 1.5358
1917 0.56 0.0392701 0.197516 1 100 1.46605 1.53697
1951 0.57 0.0392701 0.197513 1 100 1.46509 1.53816
1985 0.58 0.0392701 0.197511 1 100 1.46413 1.53936
2019 0.59 0.0392701 0.197507 1 100 1.46318 1.54057
2053 0.6 0.0392701 0.197505 1 100 1.46223 1.54179
2087 0.61 0.0392701 0.197506 1 100 1.46125 1.54301
2121 0.62 0.0392701 0.197506 1 100 1.46025 1.54425
2155 0.63 0.0392701 0.197508 1 100 1.45925 1.54549
2189 0.64 0.0392701 0.197507 1 100 1.45825 1.54682
2223 0.65 0.0392702 0.197507 1 100 1.45726 1.54816
2257 0.66 0.0392702 0.197503 1 100 1.45627 1.54951
2291 0.67 0.0392702 0.197506 1 100 1.45528 1.55085
2325 0.68 0.0392702 0.197504 1 100 1.45429 1.55221
2359 0.69 0.0392702 0.197507 1 100 1.4533 1.55356
2393 0.7 0.0392702 0.197506 1 100 1.45232 1.55487
2427 0.71 0.0392702 0.197507 1 100 1.45134 1.55628
2461 0.72 0.0392702 0.197509 1 100 1.45035 1.55774
2495 0.73 0.0392702 0.197506 1 100 1.44936 1.5591
2529 0.74 0.0392702 0.197507 1 100 1.44839 1.56058
2563 0.75 0.0392702 0.197514 1 100 1.4474 1.56212
2597 0.76 0.0392703 0.197519 1 100 1.44641 1.56367
2631 0.77 0.0392703 0.197519 1 100 1.44542 1.56521
2665 0.78 0.0392703 0.197514 1 100 1.44444 1.56674
2699 0.79 0.0392703 0.19751 1 100 1.44344 1.56827
2733 0.8 0.0392703 0.197511 1 100 1.44244 1.5698
2767 0.81 0.0392703 0.19751 1 100 1.44143 1.57136
2801 0.82 0.0392703 0.197514 1 100 1.44042 1.57296
2835 0.83 0.0392703 0.197514 1 100 1.43941 1.5746
2869 0.84 0.0392703 0.197514 1 100 1.43838 1.57622
2903 0.85 0.0392703 0.197514 1 100 1.43734 1.57785
2937 0.86 0.0392703 0.197511 1 100 1.43629 1.57946
2971 0.87 0.0392703 0.197512 1 100 1.43523 1.58106
3005 0.88 0.0392703 0.197512 1 100 1.43418 1.58265
3039 0.89 0.0392703 0.197514 1 100 1.43316 1.5843
3073 0.9 0.0392703 0.197516 1 100 1.43214 1.586
3107 0.91 0.0392703 0.197514 1 100 1.43112 1.58768
3141 0.92 0.0392703 0.197513 1 100 1.43009 1.58938
3175 0.93 0.0392703 0.197511 1 100 1.42908 1.59112
3209 0.94 0.0392703 0.197515 1 100 1.42807 1.59287
3243 0.95 0.0392703 0.19752 1 100 1.42705 1.59462
3277 0.96 0.0392703 0.197518 1 100 1.42603 1.59638
3311 0.97 0.0392703 0.197514 1 100 1.42504 1.59815
3345 0.98 0.0392703 0.197506 1 100 1.42404 1.59992
3379 0.99 0.0392703 0.197508 1 100 1.42303 1.60171
3413 1 0.0392703 0.197512 1 100 1.422 1.60352
3447 1.01 0.0392703 0.197518 1 100 1.42097 1.60534
3481 1.02 0.0392703 0.197519 1 100 1.41995 1.60717
3515 1.03 0.0392703 0.197517 1 100 1.4189 1.609
3549 1.04 0.0392703 0.197514 1 100 1.41785 1.61084
3583 1.05 0.0392703 0.197511 1 100 1.4168 1.61276
3617 1.06 0.0392703 0.197511 1 100 1.41579 1.61467
3651 1.07 0.0392703 0.197516 1 100 1.4148 1.61659
3685 1.08 0.0392703 0.197516 1 100 1.4138 1.61856
3719 1.09 0.0392703 0.197508 1 100 1.41282 1.62052
3753 1.1 0.0392704 0.197505 1 100 1.41184 1.62245
3787 1.11 0.0392704 0.197505 1 100 1.41085 1.62441
3821 1.12 0.0392704 0.197511 1 100 1.40986 1.62636
3855 1.13 0.0392704 0.197518 1 100 1.40888 1.62832
3889 1.14 0.0392704 0.197517 1 100 1.40792 1.63029
3923 1.15 0.0392704 0.197514 1 100 1.40696 1.6323
3957 1.16 0.0392704 0.197514 1 100 1.40601 1.63434
3991 1.17 0.0392704 0.197512 1 100 1.40504 1.63645
4025 1.18 0.0392704 0.19752 1 100 1.40407 1.63855
4059 1.19 0.0392704 0.197519 1 100 1.40311 1.64066
4093 1.2 0.0392704 0.197517 1 100 1.40215 1.64276
4127 1.21 0.0392704 0.197513 1 100 1.4012 1.64484
4161 1.22 0.0392704 0.197516 1 100 1.40024 1.64696
4195 1.23 0.0392704 0.197518 1 100 1.39927 1.64907
4229 1.24 0.0392704 0.197516 1 100 1.39832 1.65122
4263 1.25 0.0392704 0.197512 1 100 1.39736 1.65338
4297 1.26 0.0392704 0.197515 1 100 1.3964 1.65554
4331 1.27 0.0392704 0.197514 1 100 1.39547 1.65774
4365 1.28 0.0392704 0.197513 1 100 1.39453 1.65995
4399 1.29 0.0392703 0.197524 1 100 1.39357 1.66218
4433 1.3 0.0392703 0.197524 1 100 1.39261 1.66445
4467 1.31 0.0392704 0.197514 1 100 1.39165 1.66672
4501 1.32 0.0392704 0.197503 1 100 1.39068 1.66899
4535 1.33 0.0392704 0.197499 1 100 1.38971 1.6713
4569 1.34 0.0392704 0.197499 1 100 1.38875 1.67358
4603 1.35 0.0392704 0.197509 1 100 1.3878 1.67585
4637 1.36 0.0392704 0.19751 1 100 1.38684 1.67812
4671 1.37 0.0392704 0.197514 1 100 1.3859 1.68042
4705 1.38 0.0392704 0.197513 1 100 1.38499 1.68275
4739 1.39 0.0392704 0.197512 1 100 1.38407 1.68508
4773 1.4 0.0392704 0.197518 1 100 1.38317 1.68743
4807 1.41 0.0392704 0.197521 1 100 1.38227 1.68979
4841 1.42 0.0392704 0.197522 1 100 1.38136 1.69216
4875 1.43 0.0392704 0.197516 1 100 1.38048 1.69455
4909 1.44 0.0392704 0.19751 1 100 1.37961 1.69697
4943 1.45 0.0392704 0.197507 1 100 1.37874 1.69941
4977 1.46 0.0392704 0.197505 1 100 1.37786 1.70182
5011 1.47 0.0392704 0.197507 1 100 1.37699 1.70423
5045 1.48 0.0392704 0.197507 1 100 1.37613 1.70666
5079 1.49 0.0392704 0.197507 1 100 1.37526 1.70908
5113 1.5 0.0392704 0.197507 1 100 1.37441 1.71154
5147 1.51 0.0392704 0.197512 1 100 1.37355 1.71397
5181 1.52 0.0392704 0.197519 1 100 1.37271 1.7164
5215 1.53 0.0392704 0.197524 1 100 1.37189 1.71888
5249 1.54 0.0392703 0.197523 1 100 1.37106 1.72134
5283 1.55 0.0392703 0.19752 1 100 1.37022 1.72383
5317 1.56 0.0392703 0.197512 1 100 1.36939 1.72635
5351 1.57 0.0392703 0.197511 1 100 1.36858 1.7289
5385 1.58 0.0392703 0.197511 1 100 1.36777 1.73142
5419 1.59 0.0392703 0.197515 1 100 1.36696 1.73392
5453 1.6 0.0392703 0.197517 1 100 1.36616 1.73643
5487 1.61 0.0392703 0.197512 1 100 1.36537 1.73896
5521 1.62 0.0392703 0.19751 1 100 1.36457 1.74151
5555 1.63 0.0392703 0.197509 1 100 1.36379 1.74405
5589 1.64 0.0392703 0.197512 1 100 1.36301 1.74662
5623 1.65 0.0392703 0.197516 1 100 1.36223 1.74919
5657 1.66 0.0392703 0.197519 1 100 1.36144 1.75176
5691 1.67 0.0392703 0.197521 1 100 1.36067 1.75435
5725 1.68 0.0392703 0.197525 1 100 1.35991 1.75697
5759 1.69 0.0392703 0.197518 1 100 1.35915 1.75957
5793 1.7 0.0392703 0.197512 1 100 1.3584 1.76216
5827 1.71 0.0392703 0.19751 1 100 1.35766 1.76476
5861 1.72 0.0392703 0.197509 1 100 1.35692 1.76737
5895 1.73 0.0392703 0.197511 1 100 1.35619 1.76999
5929 1.74 0.0392703 0.197517 1 100 1.35543 1.77259
5963 1.75 0.0392703 0.197524 1 100 1.35472 1.77523
5997 1.76 0.0392703 0.197521 1 100 1.35399 1.77783
6031 1.77 0.0392703 0.197512 1 100 1.35324 1.78042
6065 1.78 0.0392703 0.197511 1 100 1.3525 1.78304
6099 1.79 0.0392703 0.197508 1 100 1.35177 1.78565
6133 1.8 0.0392703 0.197508 1 100 1.35107 1.78827
6167 1.81 0.0392703 0.197509 1 100 1.35039 1.79091
6201 1.82 0.0392703 0.197516 1 100 1.34971 1.79356
6235 1.83 0.0392703 0.197522 1 100 1.34904 1.7962
6269 1.84 0.0392703 0.197521 1 100 1.34834 1.79886
6303 1.85 0.0392703 0.197522 1 100 1.34767 1.80156
6337 1.86 0.0392703 0.197514 1 100 1.34701 1.80425
6371 1.87 0.0392703 0.197516 1 100 1.34637 1.80691
6405 1.88 0.0392703 0.197513 1 100 1.34573 1.8096
6439 1.89 0.0392703 0.197512 1 100 1.34508 1.81226
6473 1.9 0.0392703 0.197516 1 100 1.34444 1.81492
6507 1.91 0.0392703 0.197511 1 100 1.3438 1.81759
6541 1.92 0.0392703 0.19751 1 100 1.34316 1.82027
6575 1.93 0.0392702 0.197508 1 100 1.34252 1.82296
6609 1.94 0.0392702 0.197506 1 100 1.34189 1.8256
6643 1.95 0.0392703 0.197506 1 100 1.34127 1.82826
6677 1.96 0.0392703 0.197509 1 100 1.34066 1.8309
6711 1.97 0.0392703 0.197511 1 100 1.34005 1.83358
6745 1.98 0.0392703 0.197508 1 100 1.33943 1.83623
6779 1.99 0.0392703 0.19751 1 100 1.3388 1.8389
6813 2 0.0392703 0.197512 1 100 1.33819 1.84159
6847 2.01 0.0392702 0.197517 1 100 1.33758 1.84428
6881 2.02 0.0392702 0.197522 1 100 1.33698 1.84694
6915 2.03 0.0392702 0.197521 1 100 1.33638 1.8496
6949 2.04 0.0392702 0.197517 1 100 1.33579 1.85225
6983 2.05 0.0392702 0.197519 1 100 1.33519 1.85491
7017 2.06 0.0392702 0.197516 1 100 1.3346 1.85755
7051 2.07 0.0392702 0.197518 1 100 1.33401 1.86018
7085 2.08 0.0392702 0.197516 1 100 1.33344 1.86282
7119 2.09 0.0392702 0.197512 1 100 1.33287 1.86544
7153 2.1 0.0392702 0.19751 1 100 1.33229 1.86805
7187 2.11 0.0392702 0.197508 1 100 1.33171 1.87064
7221 2.12 0.0392702 0.197511 1 100 1.33115 1.87323
7255 2.13 0.0392702 0.19751 1 100 1.33061 1.87584
7289 2.14 0.0392702 0.197512 1 100 1.33007 1.87844
7323 2.15 0.0392702 0.197511 1 100 1.32954 1.88102
7357 2.16 0.0392702 0.197512 1 100 1.32901 1.88362
7391 2.17 0.0392702 0.19752 1 100 1.3285 1.88621
7425 2.18 0.0392702 0.197516 1 100 1.32799 1.88879
7459 2.19 0.0392702 0.197512 1 100 1.32748 1.89135
7493 2.2 0.0392702 0.19751 1 100 1.32698 1.89389
7527 2.21 0.0392701 0.19751 1 100 1.32648 1.89643
7561 2.22 0.0392701 0.197514 1 100 1.32598 1.899
7595 2.23 0.0392701 0.197514 1 100 1.32548 1.90149
7629 2.24 0.0392701 0.197512 1 100 1.32499 1.90399
7663 2.25 0.0392701 0.197512 1 100 1.32452 1.90647
7697 2.26 0.0392702 0.197518 1 100 1.32406 1.90895
7731 2.27 0.0392701 0.197515 1 100 1.3236 1.91142
7765 2.28 0.0392701 0.197511 1 100 1.32316 1.91386
7799 2.29 0.0392701 0.197509 1 100 1.32272 1.9163
7833 2.3 0.0392701 0.197514 1 100 1.32228 1.91872
7867 2.31 0.0392701 0.197508 1 100 1.32184 1.92116
7901 2.32 0.0392701 0.197503 1 100 1.32136 1.92356
7935 2.33 0.0392701 0.197504 1 100 1.32087 1.92597
7969 2.34 0.0392701 0.197505 1 100 1.32041 1.92834
8003 2.35 0.0392701 0.1975 1 100 1.31995 1.9307
8037 2.36 0.0392701 0.197497 1 100 1.3195 1.93303
8071 2.37 0.0392701 0.197505 1 100 1.31906 1.93536
8105 2.38 0.0392701 0.197509 1 100 1.31864 1.93768
8139 2.39 0.0392701 0.197508 1 100 1.31819 1.93998
8173 2.4 0.0392701 0.197508 1 100 1.31775 1.94229
8207 2.41 0.0392701 0.19751 1 100 1.31731 1.94456
8241 2.42 0.0392701 0.197513 1 100 1.31687 1.94681
8275 2.43 0.0392701 0.197507 1 100 1.31644 1.94907
8309 2.44 0.03927 0.197507 1 100 1.31601 1.9513
8343 2.45 0.03927 0.197516 1 100 1.31557 1.95354
8377 2.46 0.03927 0.197514 1 100 1.31513 1.95574
8411 2.47 0.03927 0.197511 1 100 1.3147 1.95791
8445 2.48 0.03927 0.197515 1 100 1.31427 1.96006
8479 2.49 0.03927 0.19752 1 100 1.31384 1.96221
8513 2.5 0.03927 0.197515 1 100 1.31341 1.96435
8547 2.51 0.03927 0.197512 1 100 1.31299 1.96648
8581 2.52 0.03927 0.197513 1 100 1.31258 1.96859
8615 2.53 0.03927 0.197506 1 100 1.31216 1.97067
8649 2.54 0.03927 0.197497 1 100 1.31175 1.97274
8683 2.55 0.03927 0.197497 1 100 1.31134 1.97476
8717 2.56 0.03927 0.197503 1 100 1.31093 1.97679
8751 2.57 0.03927 0.197502 1 100 1.31052 1.97877
8785 2.58 0.03927 0.197501 1 100 1.31012 1.98077
8819 2.59 0.03927 0.197508 1 100 1.30972 1.98276
8853 2.6 0.03927 0.197512 1 100 1.30932 1.98471
8887 2.61 0.0392699 0.197506 1 100 1.30893 1.98664
8921 2.62 0.0392699 0.197504 1 100 1.30853 1.98853
8955 2.63 0.0392699 0.197509 1 100 1.30814 1.99042
8989 2.64 0.0392699 0.197505 1 100 1.30775 1.99229
9023 2.65 0.0392699 0.197508 1 100 1.30737 1.99415
9057 2.66 0.0392699 0.197516 1 100 1.30697 1.99599
9091 2.67 0.0392699 0.197513 1 100 1.30658 1.99781
9125 2.68 0.0392699 0.197507 1 100 1.30619 1.9996
9159 2.69 0.0392699 0.197508 1 100 1.30581 2.00133
9193 2.7 0.0392699 0.197513 1 100 1.30544 2.00306
9227 2.71 0.0392699 0.197509 1 100 1.30506 2.0048
9261 2.72 0.0392699 0.197512 1 100 1.30468 2.00654
9295 2.73 0.0392699 0.197522 1 100 1.30429 2.00823
9329 2.74 0.0392699 0.197519 1 100 1.30391 2.00991
9363 2.75 0.0392699 0.19751 1 100 1.30352 2.01155
9397 2.76 0.0392699 0.19751 1 100 1.30313 2.01318
9431 2.77 0.0392699 0.197512 1 100 1.30273 2.0148
9465 2.78 0.0392699 0.197508 1 100 1.30234 2.0164
9499 2.79 0.0392699 0.197504 1 100 1.30194 2.018
9533 2.8 0.0392699 0.197513 1 100 1.30155 2.01955
9567 2.81 0.0392699 0.197505 1 100 1.30117 2.02108
9601 2.82 0.0392699 0.197501 1 100 1.3008 2.02259
9635 2.83 0.0392699 0.197503 1 100 1.30043 2.02407
9669 2.84 0.0392699 0.197509 1 100 1.30006 2.02556
9703 2.85 0.0392699 0.197506 1 100 1.29968 2.02701
9737 2.86 0.0392699 0.197504 1 100 1.2993 2.02842
9771 2.87 0.0392699 0.197503 1 100 1.29892 2.02984
9805 2.88 0.0392699 0.197501 1 100 1.29854 2.03119
9839 2.89 0.0392699 0.197495 1 100 1.29818 2.03252
9873 2.9 0.0392699 0.197498 1 100 1.29783 2.03378
9907 2.91 0.0392699 0.197506 1 100 1.29748 2.03502
9941 2.92 0.0392699 0.197509 1 100 1.29712 2.03626
9975 2.93 0.0392699 0.197504 1 100 1.29675 2.03752
10009 2.94 0.0392698 0.197503 1 100 1.29638 2.03876
10043 2.95 0.0392698 0.197507 1 100 1.29601 2.03994
10077 2.96 0.0392698 0.197506 1 100 1.29565 2.04111
10111 2.97 0.0392698 0.197505 1 100 1.29529 2.04226
10145 2.98 0.0392698 0.197508 1 100 1.29494 2.04337
10179 2.99 0.0392699 0.197512 1 100 1.29459 2.04449
10213 3 0.0392699 0.197506 1 100 1.29424 2.04558
10247 3.01 0.0392699 0.197502 1 100 1.2939 2.04664
10281 3.02 0.0392698 0.197508 1 100 1.29357 2.04769
10315 3.03 0.0392698 0.197519 1 100 1.2932 2.04872
10349 3.04 0.0392698 0.197517 1 100 1.29284 2.04974
10383 3.05 0.0392698 0.197509 1 100 1.29247 2.05074
10417 3.06 0.0392698 0.197508 1 100 1.29211 2.05171
10451 3.07 0.0392698 0.197512 1 100 1.29176 2.05267
10485 3.08 0.0392698 0.197513 1 100 1.29142 2.0536
10519 3.09 0.0392698 0.197508 1 100 1.29107 2.0545
10553 3.1 0.0392698 0.197507 1 100 1.29072 2.05539
10587 3.11 0.0392698 0.197503 1 100 1.29037 2.05623
10621 3.12 0.0392698 0.197503 1 100 1.29003 2.05707
10655 3.13 0.0392698 0.197499 1 100 1.28968 2.05788
10689 3.14 0.0392698 0.197501 1 100 1.28933 2.05866
10723 3.15 0.0392698 0.197504 1 100 1.28899 2.05943
10757 3.16 0.0392698 0.197509 1 100 1.28865 2.06017
10791 3.17 0.0392698 0.197508 1 100 1.28831 2.0609
10825 3.18 0.0392698 0.197502 1 100 1.28798 2.0616
10859 3.19 0.0392698 0.197497 1 100 1.28765 2.06227
10893 3.2 0.0392698 0.1975 1 100 1.28732 2.06293
10927 3.21 0.0392698 0.197505 1 100 1.28697 2.06355
10961 3.22 0.0392698 0.19751 1 100 1.28661 2.06417
10995 3.23 0.0392698 0.197506 1 100 1.28625 2.06476
11029 3.24 0.0392698 0.197501 1 100 1.2859 2.06532
11063 3.25 0.0392698 0.1975 1 100 1.28555 2.06588
11097 3.26 0.0392698 0.197501 1 100 1.2852 2.06642
11131 3.27 0.0392698 0.197509 1 100 1.28486 2.06694
11165 3.28 0.0392698 0.197509 1 100 1.28453 2.06746
11199 3.29 0.0392698 0.197507 1 100 1.28418 2.06796
11233 3.3 0.0392698 0.197502 1 100 1.28385 2.06844
11267 3.31 0.0392698 0.1975 1 100 1.28351 2.06891
11301 3.32 0.0392698 0.197506 1 100 1.28316 2.06935
11335 3.33 0.0392698 0.197511 1 100 1.28282 2.06978
11369 3.34 0.0392698 0.197513 1 100 1.28249 2.07019
11403 3.35 0.0392698 0.197515 1 100 1.28215 2.07057
11437 3.36 0.0392698 0.197514 1 100 1.28182 2.07095
11471 3.37 0.0392698 0.197511 1 100 1.28148 2.0713
11505 3.38 0.0392698 0.197509 1 100 1.28114 2.07162
11539 3.39 0.0392698 0.197513 1 100 1.28081 2.07195
11573 3.4 0.0392698 0.197516 1 100 1.28048 2.07225
11607 3.41 0.0392698 0.197514 1 100 1.28015 2.07253
11641 3.42 0.0392698 0.197514 1 100 1.27981 2.0728
11675 3.43 0.0392698 0.197514 1 100 1.27947 2.07305
11709 3.44 0.0392698 0.19751 1 100 1.27913 2.07328
11743 3.45 0.0392698 0.197508 1 100 1.2788 2.07351
11777 3.46 0.0392697 0.197509 1 100 1.27847 2.07371
11811 3.47 0.0392697 0.19751 1 100 1.27814 2.07389
11845 3.48 0.0392697 0.197508 1 100 1.27783 2.07407
11879 3.49 0.0392697 0.197506 1 100 1.27751 2.07423
11913 3.5 0.0392697 0.197507 1 100 1.2772 2.07437
11947 3.51 0.0392697 0.197508 1 100 1.27688 2.0745
11981 3.52 0.0392697 0.197504 1 100 1.27656 2.07462
12015 3.53 0.0392697 0.1975 1 100 1.27624 2.07471
12049 3.54 0.0392698 0.1975 1 100 1.27592 2.0748
12083 3.55 0.0392698 0.197505 1 100 1.27561 2.07488
12117 3.56 0.0392698 0.197509 1 100 1.27529 2.07493
12151 3.57 0.0392698 0.197513 1 100 1.27497 2.07497
12185 3.58 0.0392698 0.197512 1 100 1.27465 2.07501
12219 3.59 0.0392698 0.197512 1 100 1.27433 2.07504
12253 3.6 0.0392698 0.19751 1 100 1.27402 2.07504
12287 3.61 0.0392697 0.197508 1 100 1.27372 2.07505
12321 3.62 0.0392697 0.197508 1 100 1.27342 2.07505
12355 3.63 0.0392697 0.197506 1 100 1.27311 2.07503
12389 3.64 0.0392697 0.197506 1 100 1.2728 2.075
12423 3.65 0.0392697 0.197507 1 100 1.27248 2.07497
12457 3.66 0.0392697 0.197508 1 100 1.27217 2.07492
12491 3.67 0.0392697 0.197511 1 100 1.27186 2.07486
12525 3.68 0.0392697 0.197509 1 100 1.27155 2.07479
12559 3.69 0.0392697 0.19751 1 100 1.27125 2.07471
12593 3.7 0.0392697 0.19751 1 100 1.27095 2.07461
12627 3.71 0.0392697 0.197509 1 100 1.27064 2.07451
12661 3.72 0.0392697 0.197509 1 100 1.27034 2.0744
12695 3.73 0.0392697 0.197506 1 100 1.27005 2.07429
12729 3.74 0.0392697 0.197501 1 100 1.26976 2.07417
12763 3.75 0.0392697 0.197498 1 100 1.26947 2.07404
12797 3.76 0.0392697 0.197495 1 100 1.26918 2.0739
12831 3.77 0.0392697 0.197494 1 100 1.2689 2.07376
12865 3.78 0.0392697 0.197491 1 100 1.26863 2.07361
12899 3.79 0.0392697 0.197491 1 100 1.26836 2.07345
12933 3.8 0.0392697 0.197496 1 100 1.2681 2.07328
12967 3.81 0.0392697 0.197502 1 100 1.26779 2.0731
13001 3.82 0.0392697 0.197506 1 100 1.26749 2.07291
13035 3.83 0.0392697 0.197507 1 100 1.26719 2.07272
13069 3.84 0.0392697 0.197509 1 100 1.26689 2.07253
13103 3.85 0.0392698 0.197511 1 100 1.26659 2.07232
13137 3.86 0.0392698 0.197512 1 100 1.26629 2.07211
13171 3.87 0.0392698 0.197511 1 100 1.26599 2.07188
13205 3.88 0.0392697 0.19751 1 100 1.2657 2.07164
13239 3.89 0.0392697 0.19751 1 100 1.26541 2.0714
13273 3.9 0.0392697 0.197511 1 100 1.26513 2.07116
13307 3.91 0.0392697 0.197509 1 100 1.26484 2.07091
13341 3.92 0.0392697 0.197509 1 100 1.26455 2.07066
13375 3.93 0.0392697 0.197508 1 100 1.26427 2.07041
13409 3.94 0.0392697 0.197509 1 100 1.264 2.07015
13443 3.95 0.0392697 0.197511 1 100 1.26375 2.0699
13477 3.96 0.0392697 0.197513 1 100 1.26349 2.06965
13511 3.97 0.0392697 0.197515 1 100 1.26321 2.0694
13545 3.98 0.0392697 0.197514 1 100 1.26293 2.06914
13579 3.99 0.0392697 0.197516 1 100 1.26265 2.06888
13613 4 0.0392697 0.197514 1 100 1.26237 2.06862
13647 4.01 0.0392697 0.197513 1 100 1.2621 2.06836
13681 4.02 0.0392697 0.19751 1 100 1.26182 2.0681
13715 4.03 0.0392697 0.197508 1 100 1.26155 2.06783
13749 4.04 0.0392697 0.197509 1 100 1.26129 2.06756
13783 4.05 0.0392697 0.197507 1 100 1.26102 2.06728
13817 4.06 0.0392697 0.197505 1 100 1.26076 2.06701
13851 4.07 0.0392697 0.197506 1 100 1.26049 2.06674
13885 4.08 0.0392697 0.197505 1 100 1.26023 2.06646
13919 4.09 0.0392697 0.197506 1 100 1.25997 2.06619
13953 4.1 0.0392697 0.197509 1 100 1.25971 2.06592
13987 4.11 0.0392697 0.197509 1 100 1.25945 2.06564
14021 4.12 0.0392697 0.197508 1 100 1.2592 2.06536
14055 4.13 0.0392697 0.197507 1 100 1.25895 2.06509
14089 4.14 0.0392697 0.197507 1 100 1.2587 2.06481
14123 4.15 0.0392697 0.197508 1 100 1.25845 2.06453
14157 4.16 0.0392697 0.197507 1 100 1.2582 2.06424
14191 4.17 0.0392697 0.197506 1 100 1.25795 2.06396
14225 4.18 0.0392697 0.197506 1 100 1.25771 2.06368
14259 4.19 0.0392697 0.197506 1 100 1.25746 2.0634
14293 4.2 0.0392697 0.197506 1 100 1.25722 2.06312
14327 4.21 0.0392697 0.197507 1 100 1.25697 2.06283
14361 4.22 0.0392697 0.197511 1 100 1.25673 2.06255
14395 4.23 0.0392697 0.197512 1 100 1.25649 2.06228
14429 4.24 0.0392697 0.197512 1 100 1.25626 2.062
14463 4.25 0.0392697 0.197511 1 100 1.25604 2.06172
14497 4.26 0.0392697 0.197511 1 100 1.25581 2.06144
14531 4.27 0.0392697 0.197513 1 100 1.25559 2.06116
14565 4.28 0.0392697 0.197514 1 100 1.25537 2.06089
14599 4.29 0.0392697 0.197515 1 100 1.25515 2.06062
14633 4.3 0.0392697 0.197516 1 100 1.25494 2.06035
14667 4.31 0.0392697 0.197517 1 100 1.25473 2.06007
14701 4.32 0.0392697 0.197519 1 100 1.25455 2.05981
14735 4.33 0.0392697 0.19752 1 100 1.25435 2.05954
14769 4.34 0.0392697 0.197521 1 100 1.25415 2.05929
14803 4.35 0.0392697 0.197521 1 100 1.25395 2.05903
14837 4.36 0.0392697 0.19752 1 100 1.25374 2.05878
14871 4.37 0.0392697 0.19752 1 100 1.25354 2.05854
14905 4.38 0.0392697 0.197519 1 100 1.25335 2.05829
14939 4.39 0.0392697 0.197517 1 100 1.25317 2.05805
14973 4.4 0.0392697 0.197516 1 100 1.25298 2.05781
15007 4.41 0.0392697 0.197515 1 100 1.25279 2.05758
15041 4.42 0.0392697 0.197513 1 100 1.2526 2.05735
15075 4.43 0.0392697 0.197511 1 100 1.25241 2.05712
15109 4.44 0.0392697 0.197508 1 100 1.25221 2.0569
15143 4.45 0.0392697 0.197506 1 100 1.25202 2.05667
15177 4.46 0.0392697 0.197505 1 100 1.25183 2.05646
15211 4.47 0.0392697 0.197505 1 100 1.25164 2.05624
15245 4.48 0.0392697 0.197503 1 100 1.25146 2.05602
15279 4.49 0.0392697 0.197502 1 100 1.25129 2.05581
15313 4.5 0.0392697 0.1975 1 100 1.25111 2.0556
15347 4.51 0.0392697 0.1975 1 100 1.25094 2.0554
15381 4.52 0.0392697 0.197499 1 100 1.25076 2.0552
15415 4.53 0.0392697 0.197498 1 100 1.25059 2.05499
15449 4.54 0.0392697 0.197498 1 100 1.25042 2.05479
15483 4.55 0.0392697 0.197499 1 100 1.25024 2.0546
15517 4.56 0.0392697 0.1975 1 100 1.25007 2.05441
15551 4.57 0.0392697 0.1975 1 100 1.2499 2.05423
15585 4.58 0.0392697 0.197501 1 100 1.24973 2.05405
15619 4.59 0.0392697 0.197504 1 100 1.24956 2.05386
15653 4.6 0.0392697 0.197507 1 100 1.2494 2.05368
15687 4.61 0.0392697 0.197509 1 100 1.24923 2.05351
15721 4.62 0.0392697 0.197511 1 100 1.24907 2.05334
15755 4.63 0.0392697 0.197513 1 100 1.24892 2.05317
15789 4.64 0.0392697 0.197515 1 100 1.24877 2.053
15823 4.65 0.0392697 0.197517 1 100 1.24863 2.05284
15857 4.66 0.0392697 0.197518 1 100 1.24848 2.05269
15891 4.67 0.0392697 0.19752 1 100 1.24833 2.05254
15925 4.68 0.0392697 0.19752 1 100 1.24818 2.0524
15959 4.69 0.0392697 0.197519 1 100 1.24804 2.05226
15993 4.7 0.0392697 0.197519 1 100 1.24791 2.05212
16027 4.71 0.0392697 0.197517 1 100 1.24777 2.05199
16061 4.72 0.0392697 0.197515 1 100 1.24764 2.05186
16095 4.73 0.0392697 0.197511 1 100 1.24751 2.05174
16129 4.74 0.0392697 0.197509 1 100 1.24738 2.05163
16163 4.75 0.0392697 0.197506 1 100 1.24725 2.05153
16197 4.76 0.0392697 0.197504 1 100 1.24712 2.05143
16231 4.77 0.0392697 0.197501 1 100 1.247 2.05133
16265 4.78 0.0392697 0.1975 1 100 1.24688 2.05124
16299 4.79 0.0392697 0.197499 1 100 1.24677 2.05115
16333 4.8 0.0392697 0.197498 1 100 1.24665 2.05106
16367 4.81 0.0392697 0.197497 1 100 1.24654 2.05098
16401 4.82 0.0392697 0.197497 1 100 1.24642 2.05091
16435 4.83 0.0392697 0.197497 1 100 1.24631 2.05084
16469 4.84 0.0392697 0.197498 1 100 1.2462 2.05078
16503 4.85 0.0392697 0.197499 1 100 1.24609 2.05071
16537 4.86 0.0392697 0.1975 1 100 1.24598 2.05065
16571 4.87 0.0392697 0.197502 1 100 1.24587 2.0506
16605 4.88 0.0392697 0.197504 1 100 1.24576 2.05055
16639 4.89 0.0392697 0.197506 1 100 1.24564 2.05051
16673 4.9 0.0392697 0.197507 1 100 1.24553 2.05046
16707 4.91 0.0392697 0.197509 1 100 1.24543 2.05042
16741 4.92 0.0392697 0.197511 1 100 1.24532 2.05038
16775 4.93 0.0392697 0.197512 1 100 1.24523 2.05035
16809 4.94 0.0392697 0.197513 1 100 1.24514 2.05031
16843 4.95 0.0392697 0.197513 1 100 1.24505 2.05029
16877 4.96 0.0392697 0.197513 1 100 1.24496 2.05027
16911 4.97 0.0392697 0.197513 1 100 1.24487 2.05026
16945 4.98 0.0392697 0.197514 1 100 1.24479 2.05025
16979 4.99 0.0392697 0.197513 1 100 1.24471 2.05024
17013 5 0.0392697 0.197511 1 100 1.24463 2.05024
17047 5.01 0.0392697 0.197511 1 100 1.24456 2.05026
17081 5.02 0.0392697 0.19751 1 100 1.24448 2.05027
17115 5.03 0.0392697 0.19751 1 100 1.24441 2.05029
17149 5.04 0.0392697 0.19751 1 100 1.24435 2.05031
17183 5.05 0.0392697 0.197512 1 100 1.24428 2.05033
17217 5.06 0.0392697 0.197511 1 100 1.24422 2.05035
17251 5.07 0.0392697 0.197511 1 100 1.24416 2.05037
17285 5.08 0.0392697 0.19751 1 100 1.24411 2.0504
17319 5.09 0.0392697 0.197508 1 100 1.24405 2.05043
17353 5.1 0.0392697 0.197507 1 100 1.244 2.05046
17387 5.11 0.0392697 0.197506 1 100 1.24395 2.05049
17421 5.12 0.0392697 0.197507 1 100 1.24391 2.05052
17455 5.13 0.0392697 0.197506 1 100 1.24386 2.05056
17489 5.14 0.0392697 0.197505 1 100 1.24382 2.0506
17523 5.15 0.0392697 0.197505 1 100 1.24379 2.05065
17557 5.16 0.0392697 0.197504 1 100 1.24375 2.0507
17591 5.17 0.0392697 0.197504 1 100 1.24372 2.05075
17625 5.18 0.0392697 0.197504 1 100 1.2437 2.0508
17659 5.19 0.0392697 0.197506 1 100 1.24367 2.05085
17693 5.2 0.0392697 0.197507 1 100 1.24366 2.05091
17727 5.21 0.0392697 0.19751 1 100 1.24365 2.05097
17761 5.22 0.0392697 0.197511 1 100 1.24364 2.05104
17795 5.23 0.0392697 0.19751 1 100 1.24363 2.0511
17829 5.24 0.0392697 0.19751 1 100 1.24362 2.05117
17863 5.25 0.0392697 0.19751 1 100 1.24361 2.05125
17897 5.26 0.0392697 0.197508 1 100 1.2436 2.05132
17931 5.27 0.0392697 0.197505 1 100 1.2436 2.0514
17965 5.28 0.0392697 0.197503 1 100 1.2436 2.05147
17999 5.29 0.0392697 0.197504 1 100 1.2436 2.05155
18033 5.3 0.0392697 0.197502 1 100 1.2436 2.05163
18067 5.31 0.0392697 0.197501 1 100 1.2436 2.05172
18101 5.32 0.0392697 0.1975 1 100 1.2436 2.05182
18135 5.33 0.0392697 0.197499 1 100 1.24361 2.05192
18169 5.34 0.0392697 0.197499 1 100 1.24362 2.05203
18203 5.35 0.0392697 0.197499 1 100 1.24362 2.05212
18237 5.36 0.0392697 0.1975 1 100 1.24362 2.05222
18271 5.37 0.0392697 0.197501 1 100 1.24362 2.05232
18305 5.38 0.0392697 0.197501 1 100 1.24363 2.05242
18339 5.39 0.0392697 0.1975 1 100 1.24363 2.05252
18373 5.4 0.0392697 0.197499 1 100 1.24363 2.05263
18407 5.41 0.0392697 0.197499 1 100 1.24364 2.05274
18441 5.42 0.0392698 0.197498 1 100 1.24365 2.05287
18475 5.43 0.0392698 0.1975 1 100 1.24365 2.05301
18509 5.44 0.0392698 0.197499 1 100 1.24367 2.05316
18543 5.45 0.0392698 0.197502 1 100 1.24368 2.05331
18577 5.46 0.0392698 0.197503 1 100 1.24369 2.05345
18611 5.47 0.0392698 0.197505 1 100 1.24371 2.0536
18645 5.48 0.0392698 0.197505 1 100 1.24372 2.05374
18679 5.49 0.0392698 0.197505 1 100 1.24364 2.05388
18713 5.5 0.0392698 0.197507 1 100 1.24341 2.05402
18747 5.51 0.0392698 0.197509 1 100 1.24318 2.05415
18781 5.52 0.0392698 0.197509 1 100 1.24295 2.05429
18815 5.53 0.0392698 0.197509 1 100 1.24271 2.05443
18849 5.54 0.0392698 0.197508 1 100 1.24248 2.05457
18883 5.55 0.0392698 0.197508 1 100 1.24226 2.05471
18917 5.56 0.0392698 0.197506 1 100 1.24203 2.05484
18951 5.57 0.0392698 0.197507 1 100 1.24182 2.05497
18985 5.58 0.0392698 0.197506 1 100 1.2416 2.0551
19019 5.59 0.0392698 0.197506 1 100 1.2414 2.05523
19053 5.6 0.0392698 0.197505 1 100 1.24119 2.05536
19087 5.61 0.0392698 0.197504 1 100 1.24099 2.0555
19121 5.62 0.0392698 0.197504 1 100 1.24079 2.05563
19155 5.63 0.0392698 0.197505 1 100 1.24058 2.05577
19189 5.64 0.0392698 0.197507 1 100 1.24038 2.0559
19223 5.65 0.0392698 0.197508 1 100 1.2402 2.05603
19257 5.66 0.0392698 0.19751 1 100 1.24001 2.05617
19291 5.67 0.0392698 0.197511 1 100 1.23983 2.0563
19325 5.68 0.0392698 0.197511 1 100 1.23966 2.05644
19359 5.69 0.0392698 0.197511 1 100 1.23948 2.05657
19393 5.7 0.0392698 0.197511 1 100 1.23931 2.0567
19427 5.71 0.0392698 0.197511 1 100 1.23913 2.05682
19461 5.72 0.0392698 0.19751 1 100 1.23897 2.05695
19495 5.73 0.0392698 0.197509 1 100 1.23881 2.05708
19529 5.74 0.0392698 0.197509 1 100 1.23866 2.05721
19563 5.75 0.0392698 0.19751 1 100 1.2385 2.05734
19597 5.76 0.0392698 0.19751 1 100 1.23835 2.05746
19631 5.77 0.0392698 0.19751 1 100 1.23821 2.05758
19665 5.78 0.0392698 0.19751 1 100 1.23807 2.0577
19699 5.79 0.0392698 0.197512 1 100 1.23793 2.05782
19733 5.8 0.0392698 0.197512 1 100 1.23779 2.05794
19767 5.81 0.0392698 0.197515 1 100 1.23765 2.05806
19801 5.82 0.0392698 0.197515 1 100 1.23752 2.05818
19835 5.83 0.0392698 0.197514 1 100 1.2374 2.05829
19869 5.84 0.0392698 0.197512 1 100 1.23727 2.0584
19903 5.85 0.0392698 0.197511 1 100 1.23715 2.05851
19937 5.86 0.0392698 0.19751 1 100 1.23704 2.05862
19971 5.87 0.0392698 0.197509 1 100 1.23692 2.05873
20005 5.88 0.0392698 0.197508 1 100 1.23682 2.05885
20039 5.89 0.0392698 0.197508 1 100 1.23671 2.05897
20073 5.9 0.0392698 0.197507 1 100 1.23661 2.05909
20107 5.91 0.0392698 0.197508 1 100 1.23651 2.0592
20141 5.92 0.0392698 0.197509 1 100 1.23641 2.05932
20175 5.93 0.0392698 0.197509 1 100 1.23632 2.05942
20209 5.94 0.0392698 0.197509 1 100 1.23623 2.05952
20243 5.95 0.0392698 0.197512 1 100 1.23615 2.05961
20277 5.96 0.0392698 0.197513 1 100 1.23607 2.05971
20311 5.97 0.0392698 0.197512 1 100 1.23599 2.0598
20345 5.98 0.0392699 0.19751 1 100 1.23592 2.05989
20379 5.99 0.0392699 0.197509 1 100 1.23586 2.05999
20413 6 0.0392699 0.197509 1 100 1.23579 2.06009
20447 6.01 0.0392699 0.197509 1 100 1.23573 2.06018
20481 6.02 0.0392699 0.197507 1 100 1.23567 2.06028
20515 6.03 0.0392699 0.197505 1 100 1.23562 2.06037
20549 6.04 0.0392699 0.197502 1 100 1.23557 2.06047
20583 6.05 0.0392699 0.197501 1 100 1.23552 2.06057
20617 6.06 0.0392699 0.1975 1 100 1.23549 2.06067
20651 6.07 0.0392699 0.197499 1 100 1.23545 2.06077
20685 6.08 0.0392699 0.1975 1 100 1.23542 2.06085
20719 6.09 0.0392699 0.1975 1 100 1.2354 2.06094
20753 6.1 0.0392699 0.1975 1 100 1.23538 2.06103
20787 6.11 0.0392699 0.197501 1 100 1.23536 2.06112
20821 6.12 0.0392699 0.197502 1 100 1.23535 2.06122
20855 6.13 0.0392699 0.197503 1 100 1.23535 2.06131
20889 6.14 0.0392699 0.197502 1 100 1.23535 2.0614
20923 6.15 0.0392699 0.197501 1 100 1.23535 2.06148
20957 6.16 0.0392699 0.197503 1 100 1.23535 2.06157
20991 6.17 0.0392699 0.197502 1 100 1.23536 2.06166
21025 6.18 0.0392699 0.197503 1 100 1.23537 2.06175
21059 6.19 0.0392699 0.197503 1 100 1.23538 2.06184
21093 6.2 0.0392699 0.197503 1 100 1.2354 2.06193
21127 6.21 0.0392699 0.197503 1 100 1.23542 2.06201
21161 6.22 0.0392699 0.197506 1 100 1.23544 2.0621
21195 6.23 0.0392699 0.197507 1 100 1.23547 2.06217
21229 6.24 0.0392699 0.197509 1 100 1.2355 2.06226
21263 6.25 0.0392699 0.197513 1 100 1.23554 2.06235
21297 6.26 0.0392699 0.197514 1 100 1.23558 2.06243
21331 6.27 0.0392699 0.197513 1 100 1.23563 2.06251
21365 6.28 0.0392699 0.197513 1 100 1.23568 2.0626
21399 6.29 0.0392699 0.197511 1 100 1.23575 2.06268
21433 6.3 0.0392699 0.19751 1 100 1.23582 2.06275
21467 6.31 0.0392699 0.197509 1 100 1.23589 2.06281
21501 6.32 0.0392699 0.197509 1 100 1.23597 2.06288
21535 6.33 0.0392699 0.197508 1 100 1.23605 2.06295
21569 6.34 0.0392699 0.197507 1 100 1.23614 2.06302
21603 6.35 0.0392699 0.197507 1 100 1.23622 2.06309
21637 6.36 0.0392699 0.197508 1 100 1.23631 2.06316
21671 6.37 0.0392699 0.197511 1 100 1.23639 2.06322
21705 6.38 0.0392699 0.197511 1 100 1.23648 2.06327
21739 6.39 0.0392699 0.197513 1 100 1.23657 2.06333
21773 6.4 0.0392699 0.197514 1 100 1.23665 2.06339
21807 6.41 0.0392699 0.197515 1 100 1.23674 2.06344
21841 6.42 0.0392699 0.197517 1 100 1.23683 2.06349
21875 6.43 0.0392699 0.197516 1 100 1.23693 2.06353
21909 6.44 0.0392699 0.197516 1 100 1.23704 2.06357
21943 6.45 0.0392699 0.197517 1 100 1.23715 2.0636
21977 6.46 0.0392699 0.197516 1 100 1.23727 2.06363
22011 6.47 0.0392699 0.197517 1 100 1.23739 2.06367
22045 6.48 0.03927 0.197516 1 100 1.23751 2.0637
22079 6.49 0.03927 0.197515 1 100 1.23764 2.06371
22113 6.5 0.03927 0.197515 1 100 1.23777 2.06374
22147 6.51 0.03927 0.197514 1 100 1.23791 2.06377
22181 6.52 0.03927 0.197513 1 100 1.23805 2.06381
22215 6.53 0.03927 0.197511 1 100 1.2382 2.06386
22249 6.54 0.03927 0.197509 1 100 1.23834 2.06391
22283 6.55 0.03927 0.197508 1 100 1.23849 2.06395
22317 6.56 0.03927 0.197507 1 100 1.23863 2.06399
22351 6.57 0.03927 0.197505 1 100 1.23878 2.06402
22385 6.58 0.03927 0.197503 1 100 1.23892 2.06406
22419 6.59 0.03927 0.197501 1 100 1.23907 2.0641
22453 6.6 0.03927 0.197499 1 100 1.23921 2.06414
22487 6.61 0.03927 0.197498 1 100 1.23935 2.06418
22521 6.62 0.03927 0.197496 1 100 1.2395 2.06422
22555 6.63 0.03927 0.197496 1 100 1.23964 2.06426
22589 6.64 0.03927 0.197495 1 100 1.23978 2.0643
22623 6.65 0.03927 0.197495 1 100 1.23993 2.06434
22657 6.66 0.03927 0.197495 1 100 1.24008 2.06437
22691 6.67 0.03927 0.197496 1 100 1.24024 2.0644
22725 6.68 0.03927 0.197499 1 100 1.2404 2.06443
22759 6.69 0.03927 0.197501 1 100 1.24056 2.06445
22793 6.7 0.03927 0.197504 1 100 1.24072 2.06448
22827 6.71 0.03927 0.197506 1 100 1.24089 2.06452
22861 6.72 0.03927 0.197509 1 100 1.24107 2.06456
22895 6.73 0.03927 0.197508 1 100 1.24125 2.06458
22929 6.74 0.03927 0.197507 1 100 1.24143 2.06461
22963 6.75 0.03927 0.197506 1 100 1.24161 2.06464
22997 6.76 0.03927 0.197505 1 100 1.2418 2.06466
23031 6.77 0.03927 0.197504 1 100 1.24199 2.06467
23065 6.78 0.03927 0.197502 1 100 1.24218 2.06469
23099 6.79 0.03927 0.197501 1 100 1.24238 2.0647
23133 6.8 0.03927 0.197501 1 100 1.24258 2.06472
23167 6.81 0.03927 0.197502 1 100 1.24278 2.06473
23201 6.82 0.03927 0.197503 1 100 1.24298 2.06474
23235 6.83 0.03927 0.197503 1 100 1.24318 2.06475
23269 6.84 0.03927 0.197504 1 100 1.24339 2.06477
23303 6.85 0.03927 0.197508 1 100 1.24359 2.06477
23337 6.86 0.03927 0.197511 1 100 1.2438 2.06478
23371 6.87 0.03927 0.197511 1 100 1.24401 2.06478
23405 6.88 0.03927 0.197512 1 100 1.24422 2.06477
23439 6.89 0.03927 0.197513 1 100 1.24443 2.06476
23473 6.9 0.03927 0.197512 1 100 1.24464 2.06475
23507 6.91 0.03927 0.197512 1 100 1.24485 2.06474
23541 6.92 0.03927 0.197512 1 100 1.24506 2.06474
23575 6.93 0.03927 0.197512 1 100 1.24527 2.06472
23609 6.94 0.03927 0.197512 1 100 1.24548 2.06471
23643 6.95 0.03927 0.197513 1 100 1.24569 2.0647
23677 6.96 0.03927 0.197512 1 100 1.2459 2.06468
23711 6.97 0.03927 0.197512 1 100 1.2461 2.06467
23745 6.98 0.03927 0.197512 1 100 1.24631 2.06465
23779 6.99 0.03927 0.197512 1 100 1.24652 2.06463
23813 7 0.03927 0.197512 1 100 1.24672 2.06462
23847 7.01 0.03927 0.197512 1 100 1.24693 2.06461
23881 7.02 0.03927 0.197514 1 100 1.24713 2.0646
23915 7.03 0.03927 0.197513 1 100 1.24733 2.06458
23949 7.04 0.03927 0.197512 1 100 1.24753 2.06457
23983 7.05 0.03927 0.197511 1 100 1.24774 2.06455
24017 7.06 0.03927 0.19751 1 100 1.24795 2.06454
24051 7.07 0.03927 0.19751 1 100 1.24815 2.06453
24085 7.08 0.03927 0.19751 1 100 1.24835 2.06453
24119 7.09 0.03927 0.19751 1 100 1.24855 2.06452
24153 7.1 0.03927 0.197511 1 100 1.24876 2.06451
24187 7.11 0.03927 0.197512 1 100 1.24897 2.0645
24221 7.12 0.03927 0.197514 1 100 1.24918 2.06449
24255 7.13 0.03927 0.197514 1 100 1.24939 2.06449
24289 7.14 0.0392701 0.197515 1 100 1.2496 2.06449
24323 7.15 0.0392701 0.19752 1 100 1.24981 2.06449
24357 7.16 0.0392701 0.19752 1 100 1.25003 2.06449
24391 7.17 0.0392701 0.197516 1 100 1.25024 2.06449
24425 7.18 0.0392701 0.197517 1 100 1.25045 2.0645
24459 7.19 0.0392701 0.197514 1 100 1.25065 2.0645
24493 7.2 0.0392701 0.197511 1 100 1.25086 2.06451
24527 7.21 0.0392701 0.197507 1 100 1.25108 2.06452
24561 7.22 0.0392701 0.197503 1 100 1.25129 2.06454
24595 7.23 0.0392701 0.197502 1 100 1.25149 2.06456
24629 7.24 0.0392701 0.197501 1 100 1.25169 2.06458
24663 7.25 0.0392701 0.1975 1 100 1.25189 2.0646
24697 7.26 0.0392701 0.197499 1 100 1.25209 2.06463
24731 7.27 0.0392701 0.197501 1 100 1.25228 2.06465
24765 7.28 0.0392701 0.197504 1 100 1.25247 2.06467
24799 7.29 0.0392701 0.197505 1 100 1.25268 2.06471
24833 7.3 0.0392701 0.197508 1 100 1.25288 2.06474
24867 7.31 0.0392701 0.197508 1 100 1.25307 2.06478
24901 7.32 0.0392701 0.197507 1 100 1.25326 2.06481
24935 7.33 0.0392701 0.197506 1 100 1.25344 2.06484
24969 7.34 0.0392701 0.197506 1 100 1.25362 2.06487
25003 7.35 0.0392701 0.197507 1 100 1.2538 2.06491
25037 7.36 0.0392701 0.197507 1 100 1.25397 2.06494
25071 7.37 0.0392701 0.197509 1 100 1.25415 2.06498
25105 7.38 0.0392701 0.19751 1 100 1.25432 2.06502
25139 7.39 0.0392701 0.197512 1 100 1.25448 2.06505
25173 7.4 0.0392701 0.197512 1 100 1.25465 2.06509
25207 7.41 0.0392702 0.197512 1 100 1.25482 2.06513
25241 7.42 0.0392702 0.197512 1 100 1.25499 2.06517
25275 7.43 0.0392702 0.197514 1 100 1.25515 2.06521
25309 7.44 0.0392702 0.197513 1 100 1.25531 2.06525
25343 7.45 0.0392702 0.197513 1 100 1.25548 2.0653
25377 7.46 0.0392702 0.197512 1 100 1.25564 2.06535
25411 7.47 0.0392702 0.19751 1 100 1.2558 2.06539
25445 7.48 0.0392702 0.197509 1 100 1.25596 2.06544
25479 7.49 0.0392702 0.197508 1 100 1.25611 2.06549
25513 7.5 0.0392702 0.197509 1 100 1.25627 2.06554
25547 7.51 0.0392702 0.197509 1 100 1.25642 2.06559
25581 7.52 0.0392702 0.197509 1 100 1.25657 2.06565
25615 7.53 0.0392702 0.19751 1 100 1.25671 2.06572
25649 7.54 0.0392702 0.197511 1 100 1.25685 2.06578
25683 7.55 0.0392702 0.197514 1 100 1.25699 2.06585
25717 7.56 0.0392702 0.197518 1 100 1.25712 2.06592
25751 7.57 0.0392702 0.197517 1 100 1.25723 2.06599
25785 7.58 0.0392702 0.197517 1 100 1.25734 2.06606
25819 7.59 0.0392702 0.197516 1 100 1.25744 2.06614
25853 7.6 0.0392702 0.197516 1 100 1.25755 2.06623
25887 7.61 0.0392702 0.197514 1 100 1.25766 2.06631
25921 7.62 0.0392702 0.197512 1 100 1.25777 2.0664
25955 7.63 0.0392702 0.197512 1 100 1.25787 2.06649
25989 7.64 0.0392702 0.19751 1 100 1.25798 2.06657
26023 7.65 0.0392702 0.19751 1 100 1.25808 2.06666
26057 7.66 0.0392702 0.19751 1 100 1.25818 2.06676
26091 7.67 0.0392702 0.197512 1 100 1.25828 2.06686
26125 7.68 0.0392702 0.197512 1 100 1.25837 2.06696
26159 7.69 0.0392702 0.197513 1 100 1.25846 2.06706
26193 7.7 0.0392702 0.197512 1 100 1.25855 2.06716
26227 7.71 0.0392702 0.197511 1 100 1.25863 2.06726
26261 7.72 0.0392702 0.197509 1 100 1.25871 2.06736
26295 7.73 0.0392702 0.197508 1 100 1.25879 2.06747
26329 7.74 0.0392702 0.197507 1 100 1.25886 2.06759
26363 7.75 0.0392702 0.197506 1 100 1.25894 2.0677
26397 7.76 0.0392702 0.197507 1 100 1.25901 2.06781
26431 7.77 0.0392702 0.197506 1 100 1.25908 2.06792
26465 7.78 0.0392702 0.197505 1 100 1.25914 2.06803
26499 7.79 0.0392702 0.197506 1 100 1.2592 2.06816
26533 7.8 0.0392702 0.197507 1 100 1.25925 2.06828
26567 7.81 0.0392702 0.197509 1 100 1.2593 2.06841
26601 7.82 0.0392702 0.197511 1 100 1.25934 2.06855
26635 7.83 0.0392702 0.197513 1 100 1.25938 2.06868
26669 7.84 0.0392702 0.197511 1 100 1.25942 2.06882
26703 7.85 0.0392702 0.197509 1 100 1.25946 2.06895
26737 7.86 0.0392702 0.197506 1 100 1.25949 2.0691
26771 7.87 0.0392702 0.197504 1 100 1.25951 2.06925
26805 7.88 0.0392702 0.197503 1 100 1.25954 2.06941
26839 7.89 0.0392702 0.1975 1 100 1.25956 2.06956
26873 7.9 0.0392702 0.1975 1 100 1.25958 2.06971
26907 7.91 0.0392702 0.197499 1 100 1.25959 2.06986
26941 7.92 0.0392702 0.197501 1 100 1.2596 2.07002
26975 7.93 0.0392702 0.1975 1 100 1.25961 2.07018
27009 7.94 0.0392702 0.197501 1 100 1.25961 2.07035
27043 7.95 0.0392702 0.197503 1 100 1.25962 2.07052
27077 7.96 0.0392702 0.197502 1 100 1.25962 2.07068
27111 7.97 0.0392702 0.197504 1 100 1.25962 2.07085
27145 7.98 0.0392702 0.197504 1 100 1.25961 2.07101
27179 7.99 0.0392702 0.197502 1 100 1.25961 2.07118
27213 8 0.0392702 0.197501 1 100 1.2596 2.07136
27247 8.01 0.0392702 0.197502 1 100 1.25959 2.07154
27281 8.02 0.0392702 0.197502 1 100 1.25957 2.07172
27315 8.03 0.0392702 0.197503 1 100 1.25955 2.07191
27349 8.04 0.0392702 0.197503 1 100 1.25953 2.0721
27383 8.05 0.0392702 0.197504 1 100 1.25951 2.0723
27417 8.06 0.0392702 0.197504 1 100 1.25949 2.07249
27451 8.07 0.0392702 0.197506 1 100 1.25946 2.07269
27485 8.08 0.0392702 0.197508 1 100 1.25944 2.07289
27519 8.09 0.0392702 0.197509 1 100 1.25941 2.0731
27553 8.1 0.0392702 0.19751 1 100 1.25938 2.07331
27587 8.11 0.0392702 0.197509 1 100 1.25934 2.07352
27621 8.12 0.0392702 0.197508 1 100 1.2593 2.07374
27655 8.13 0.0392703 0.197505 1 100 1.25926 2.07396
27689 8.14 0.0392703 0.197503 1 100 1.25922 2.07418
27723 8.15 0.0392703 0.197502 1 100 1.25918 2.0744
27757 8.16 0.0392703 0.197501 1 100 1.25913 2.07462
27791 8.17 0.0392703 0.197501 1 100 1.25909 2.07485
27825 8.18 0.0392703 0.1975 1 100 1.25903 2.07509
27859 8.19 0.0392703 0.197503 1 100 1.25898 2.07533
27893 8.2 0.0392703 0.197506 1 100 1.25893 2.07557
27927 8.21 0.0392703 0.197508 1 100 1.25887 2.07582
27961 8.22 0.0392703 0.19751 1 100 1.25882 2.07606
27995 8.23 0.0392703 0.197512 1 100 1.25876 2.0763
28029 8.24 0.0392703 0.197509 1 100 1.2587 2.07655
28063 8.25 0.0392703 0.197511 1 100 1.25864 2.0768
28097 8.26 0.0392703 0.197511 1 100 1.25858 2.07705
28131 8.27 0.0392703 0.197512 1 100 1.25852 2.07731
28165 8.28 0.0392703 0.197512 1 100 1.25845 2.07757
28199 8.29 0.0392703 0.197513 1 100 1.25838 2.07784
28233 8.3 0.0392703 0.197512 1 100 1.25831 2.07811
28267 8.31 0.0392703 0.197512 1 100 1.25824 2.07839
28301 8.32 0.0392703 0.197512 1 100 1.25816 2.07866
28335 8.33 0.0392703 0.197513 1 100 1.25807 2.07894
28369 8.34 0.0392703 0.19751 1 100 1.25798 2.07922
28403 8.35 0.0392703 0.197513 1 100 1.25788 2.07951
28437 8.36 0.0392703 0.197513 1 100 1.25779 2.07982
28471 8.37 0.0392703 0.197513 1 100 1.25769 2.08012
28505 8.38 0.0392703 0.197512 1 100 1.2576 2.08041
28539 8.39 0.0392703 0.197511 1 100 1.2575 2.08071
28573 8.4 0.0392703 0.197509 1 100 1.2574 2.08099
28607 8.41 0.0392703 0.197507 1 100 1.2573 2.08127
28641 8.42 0.0392703 0.197504 1 100 1.2572 2.08155
28675 8.43 0.0392703 0.197504 1 100 1.2571 2.08182
28709 8.44 0.0392703 0.197503 1 100 1.257 2.08209
28743 8.45 0.0392703 0.197503 1 100 1.2569 2.08235
28777 8.46 0.0392703 0.197501 1 100 1.25679 2.08261
28811 8.47 0.0392703 0.197502 1 100 1.25669 2.08287
28845 8.48 0.0392703 0.197503 1 100 1.25659 2.08313
28879 8.49 0.0392703 0.197504 1 100 1.25649 2.0834
28913 8.5 0.0392703 0.197505 1 100 1.25639 2.08367
28947 8.51 0.0392703 0.197504 1 100 1.25628 2.08393
28981 8.52 0.0392703 0.197503 1 100 1.25618 2.08422
29015 8.53 0.0392703 0.197503 1 100 1.25608 2.08449
29049 8.54 0.0392703 0.197503 1 100 1.25598 2.08477
29083 8.55 0.0392703 0.197502 1 100 1.25588 2.08506
29117 8.56 0.0392703 0.197501 1 100 1.25578 2.08535
29151 8.57 0.0392703 0.197501 1 100 1.25568 2.08566
29185 8.58 0.0392703 0.197501 1 100 1.25559 2.08597
29219 8.59 0.0392703 0.197501 1 100 1.25549 2.08629
29253 8.6 0.0392703 0.197502 1 100 1.25539 2.0866
29287 8.61 0.0392703 0.197503 1 100 1.25529 2.08696
29321 8.62 0.0392703 0.197504 1 100 1.25519 2.08729
29355 8.63 0.0392703 0.197508 1 100 1.2551 2.08762
29389 8.64 0.0392703 0.197509 1 100 1.255 2.08796
29423 8.65 0.0392703 0.19751 1 100 1.2549 2.08829
29457 8.66 0.0392703 0.197511 1 100 1.2548 2.08862
29491 8.67 0.0392703 0.197512 1 100 1.2547 2.08896
29525 8.68 0.0392703 0.197513 1 100 1.25462 2.08929
29559 8.69 0.0392703 0.197512 1 100 1.25452 2.08961
29593 8.7 0.0392703 0.19751 1 100 1.25443 2.08993
29627 8.71 0.0392703 0.197509 1 100 1.25433 2.09026
29661 8.72 0.0392703 0.197508 1 100 1.25423 2.09059
29695 8.73 0.0392703 0.197508 1 100 1.25413 2.09092
29729 8.74 0.0392703 0.197506 1 100 1.25403 2.09125
29763 8.75 0.0392703 0.197508 1 100 1.25392 2.09158
29797 8.76 0.0392703 0.197509 1 100 1.25381 2.09192
29831 8.77 0.0392703 0.19751 1 100 1.25371 2.09226
29865 8.78 0.0392703 0.197511 1 100 1.2536 2.0926
29899 8.79 0.0392703 0.197511 1 100 1.25349 2.09294
29933 8.8 0.0392703 0.197512 1 100 1.25338 2.09329
29967 8.81 0.0392703 0.197513 1 100 1.25328 2.09363
30001 8.82 0.0392703 0.197515 1 100 1.25317 2.09397
30035 8.83 0.0392703 0.197514 1 100 1.25307 2.09431
30069 8.84 0.0392703 0.197514 1 100 1.25295 2.09463
30103 8.85 0.0392703 0.197512 1 100 1.25284 2.09496
30137 8.86 0.0392703 0.197512 1 100 1.25273 2.09529
30171 8.87 0.0392703 0.197511 1 100 1.25262 2.09562
30205 8.88 0.0392703 0.19751 1 100 1.25251 2.09595
30239 8.89 0.0392703 0.19751 1 100 1.25239 2.09628
30273 8.9 0.0392703 0.197508 1 100 1.25227 2.09661
30307 8.91 0.0392703 0.197507 1 100 1.25216 2.09693
30341 8.92 0.0392703 0.197509 1 100 1.25204 2.09726
30375 8.93 0.0392703 0.197508 1 100 1.25192 2.09759
30409 8.94 0.0392703 0.197508 1 100 1.25181 2.09793
30443 8.95 0.0392703 0.197508 1 100 1.25169 2.09826
30477 8.96 0.0392703 0.197508 1 100 1.25158 2.0986
30511 8.97 0.0392703 0.197507 1 100 1.25147 2.09893
30545 8.98 0.0392703 0.197508 1 100 1.25136 2.09926
30579 8.99 0.0392703 0.197509 1 100 1.25125 2.0996
30613 9 0.0392703 0.197509 1 100 1.25114 2.09993
30647 9.01 0.0392703 0.197509 1 100 1.25102 2.10025
30681 9.02 0.0392703 0.197508 1 100 1.25091 2.10058
30715 9.03 0.0392703 0.197507 1 100 1.2508 2.10091
30749 9.04 0.0392703 0.197501 1 100 1.2507 2.10124
30783 9.05 0.0392703 0.197503 1 100 1.25059 2.10156
30817 9.06 0.0392703 0.1975 1 100 1.25048 2.10188
30851 9.07 0.0392703 0.197498 1 100 1.25037 2.10221
30885 9.08 0.0392703 0.197497 1 100 1.25026 2.10253
30919 9.09 0.0392703 0.197496 1 100 1.25015 2.10286
30953 9.1 0.0392703 0.197497 1 100 1.25003 2.10317
30987 9.11 0.0392703 0.197495 1 100 1.24992 2.10349
31021 9.12 0.0392703 0.197494 1 100 1.24981 2.10381
31055 9.13 0.0392703 0.197493 1 100 1.24969 2.10412
31089 9.14 0.0392703 0.197494 1 100 1.24958 2.10443
31123 9.15 0.0392703 0.197496 1 100 1.24946 2.10474
31157 9.16 0.0392703 0.197496 1 100 1.24935 2.10505
31191 9.17 0.0392703 0.197499 1 100 1.24923 2.10537
31225 9.18 0.0392703 0.197501 1 100 1.24911 2.10568
31259 9.19 0.0392703 0.197502 1 100 1.249 2.10599
31293 9.2 0.0392703 0.197503 1 100 1.24888 2.1063
31327 9.21 0.0392703 0.197503 1 100 1.24876 2.10662
31361 9.22 0.0392703 0.197502 1 100 1.24866 2.10693
31395 9.23 0.0392703 0.197503 1 100 1.24855 2.10724
31429 9.24 0.0392703 0.197503 1 100 1.24844 2.10754
31463 9.25 0.0392703 0.197502 1 100 1.24833 2.10785
31497 9.26 0.0392703 0.197501 1 100 1.24822 2.10817
31531 9.27 0.0392703 0.197501 1 100 1.24811 2.10848
31565 9.28 0.0392703 0.197501 1 100 1.24801 2.10879
31599 9.29 0.0392703 0.1975 1 100 1.2479 2.1091
31633 9.3 0.0392703 0.197499 1 100 1.24779 2.10942
31667 9.31 0.0392703 0.197498 1 100 1.24768 2.10973
31701 9.32 0.0392703 0.197499 1 100 1.24757 2.11005
31735 9.33 0.0392703 0.197499 1 100 1.24746 2.11036
31769 9.34 0.0392703 0.197499 1 100 1.24735 2.11067
31803 9.35 0.0392703 0.197499 1 100 1.24724 2.11097
31837 9.36 0.0392703 0.1975 1 100 1.24712 2.11128
31871 9.37 0.0392703 0.1975 1 100 1.24701 2.11159
31905 9.38 0.0392703 0.1975 1 100 1.2469 2.11191
31939 9.39 0.0392703 0.1975 1 100 1.24679 2.11219
31973 9.4 0.0392703 0.197498 1 100 1.24669 2.11249
32007 9.41 0.0392703 0.1975 1 100 1.24658 2.11279
32041 9.42 0.0392703 0.197502 1 100 1.24647 2.11309
32075 9.43 0.0392703 0.197501 1 100 1.24637 2.11338
32109 9.44 0.0392703 0.197505 1 100 1.24627 2.11367
32143 9.45 0.0392703 0.197508 1 100 1.24616 2.11396
32177 9.46 0.0392703 0.197507 1 100 1.24606 2.11425
32211 9.47 0.0392703 0.197506 1 100 1.24595 2.11454
32245 9.48 0.0392703 0.197505 1 100 1.24584 2.11485
32279 9.49 0.0392703 0.197505 1 100 1.24574 2.11516
32313 9.5 0.0392703 0.197504 1 100 1.24565 2.11547
32347 9.51 0.0392703 0.197504 1 100 1.24555 2.11578
32381 9.52 0.0392703 0.197502 1 100 1.24545 2.1161
32415 9.53 0.0392703 0.197502 1 100 1.24536 2.11641
32449 9.54 0.0392703 0.197504 1 100 1.24525 2.11672
32483 9.55 0.0392703 0.197502 1 100 1.24516 2.11703
32517 9.56 0.0392703 0.197504 1 100 1.24506 2.11733
32551 9.57 0.0392703 0.197503 1 100 1.24496 2.11762
32585 9.58 0.0392703 0.197501 1 100 1.24487 2.11791
32619 9.59 0.0392703 0.197502 1 100 1.24478 2.1182
32653 9.6 0.0392703 0.197502 1 100 1.24468 2.11848
32687 9.61 0.0392703 0.197504 1 100 1.2446 2.11879
32721 9.62 0.0392703 0.197503 1 100 1.2445 2.11907
32755 9.63 0.0392703 0.197505 1 100 1.24441 2.11935
32789 9.64 0.0392703 0.197506 1 100 1.24432 2.11964
32823 9.65 0.0392703 0.197506 1 100 1.24423 2.11992
32857 9.66 0.0392703 0.197506 1 100 1.24413 2.12019
32891 9.67 0.0392703 0.197506 1 100 1.24404 2.12047
32925 9.68 0.0392703 0.197506 1 100 1.24394 2.12074
32959 9.69 0.0392703 0.197506 1 100 1.24385 2.12101
32993 9.7 0.0392703 0.197507 1 100 1.24376 2.12129
33027 9.71 0.0392703 0.197508 1 100 1.24367 2.12157
33061 9.72 0.0392703 0.197509 1 100 1.24357 2.12185
33095 9.73 0.0392703 0.19751 1 100 1.24348 2.12213
33129 9.74 0.0392703 0.197511 1 100 1.24339 2.12241
33163 9.75 0.0392703 0.197511 1 100 1.2433 2.12268
33197 9.76 0.0392703 0.197511 1 100 1.2432 2.12296
33231 9.77 0.0392703 0.19751 1 100 1.24311 2.12323
33265 9.78 0.0392703 0.197512 1 100 1.24302 2.12351
33299 9.79 0.0392703 0.197514 1 100 1.24294 2.12377
33333 9.8 0.0392703 0.197515 1 100 1.24285 2.12403
33367 9.81 0.0392703 0.197515 1 100 1.24276 2.1243
33401 9.82 0.0392703 0.197515 1 100 1.24268 2.12456
33435 9.83 0.0392703 0.197514 1 100 1.24259 2.12483
33469 9.84 0.0392703 0.197514 1 100 1.2425 2.12509
33503 9.85 0.0392703 0.197514 1 100 1.24242 2.12536
33537 9.86 0.0392703 0.197514 1 100 1.24234 2.12563
33571 9.87 0.0392703 0.197514 1 100 1.24226 2.12589
33605 9.88 0.0392703 0.197514 1 100 1.24218 2.12615
33639 9.89 0.0392703 0.197513 1 100 1.24209 2.12641
33673 9.9 0.0392703 0.197513 1 100 1.24201 2.12666
33707 9.91 0.0392703 0.197512 1 100 1.24193 2.12692
33741 9.92 0.0392703 0.197512 1 100 1.24185 2.12717
33775 9.93 0.0392703 0.197511 1 100 1.24177 2.12741
33809 9.94 0.0392703 0.19751 1 100 1.24169 2.12766
33843 9.95 0.0392703 0.197509 1 100 1.2416 2.1279
33877 9.96 0.0392703 0.19751 1 100 1.24152 2.12814
33911 9.97 0.0392703 0.197509 1 100 1.24143 2.12838
33945 9.98 0.0392703 0.197509 1 100 1.24134 2.12862
33979 9.99 0.0392703 0.197508 1 100 1.24125 2.12885
34013 10 0.0392703 0.197508 1 100 1.24117 2.12909
34047 10.01 0.0392703 0.197505 1 100 1.24109 2.12932
34081 10.02 0.0392703 0.197505 1 100 1.241 2.12955
34115 10.03 0.0392703 0.197507 1 100 1.24092 2.12978
34149 10.04 0.0392703 0.197505 1 100 1.24083 2.13001
34183 10.05 0.0392703 0.197503 1 100 1.24075 2.13024
34217 10.06 0.0392703 0.197506 1 100 1.24067 2.13046
34251 10.07 0.0392703 0.197507 1 100 1.24058 2.13069
34285 10.08 0.0392703 0.197508 1 100 1.2405 2.13091
34319 10.09 0.0392703 0.197508 1 100 1.24041 2.13114
34353 10.1 0.0392703 0.197508 1 100 1.24033 2.13135
34387 10.11 0.0392703 0.197508 1 100 1.24024 2.13157
34421 10.12 0.0392703 0.197508 1 100 1.24016 2.13179
34455 10.13 0.0392703 0.197508 1 100 1.24007 2.13201
34489 10.14 0.0392703 0.197506 1 100 1.23999 2.13222
34523 10.15 0.0392703 0.197506 1 100 1.2399 2.13244
34557 10.16 0.0392703 0.197506 1 100 1.23981 2.13266
34591 10.17 0.0392703 0.197506 1 100 1.23973 2.13289
34625 10.18 0.0392703 0.197505 1 100 1.23964 2.1331
34659 10.19 0.0392703 0.197506 1 100 1.23955 2.13332
34693 10.2 0.0392703 0.197505 1 100 1.23946 2.13353
34727 10.21 0.0392703 0.197505 1 100 1.23937 2.13375
34761 10.22 0.0392703 0.197505 1 100 1.23929 2.13396
34795 10.23 0.0392703 0.197505 1 100 1.2392 2.13417
34829 10.24 0.0392703 0.197504 1 100 1.23912 2.13438
34863 10.25 0.0392703 0.197504 1 100 1.23904 2.13458
34897 10.26 0.0392703 0.197503 1 100 1.23896 2.13479
34931 10.27 0.0392703 0.197503 1 100 1.23889 2.135
34965 10.28 0.0392703 0.197503 1 100 1.23881 2.1352
34999 10.29 0.0392703 0.197503 1 100 1.23874 2.1354
35033 10.3 0.0392703 0.197504 1 100 1.23866 2.13561
35067 10.31 0.0392703 0.197502 1 100 1.23858 2.13581
35101 10.32 0.0392703 0.197503 1 100 1.23851 2.13601
35135 10.33 0.0392703 0.197503 1 100 1.23843 2.13621
35169 10.34 0.0392703 0.197502 1 100 1.23835 2.13641
35203 10.35 0.0392703 0.197502 1 100 1.23827 2.1366
35237 10.36 0.0392703 0.197502 1 100 1.23818 2.1368
35271 10.37 0.0392703 0.197501 1 100 1.2381 2.13699
35305 10.38 0.0392703 0.197502 1 100 1.23802 2.13718
35339 10.39 0.0392703 0.197502 1 100 1.23793 2.13737
35373 10.4 0.0392703 0.197502 1 100 1.23785 2.13756
35407 10.41 0.0392703 0.197503 1 100 1.23776 2.13775
35441 10.42 0.0392703 0.197503 1 100 1.23768 2.13794
35475 10.43 0.0392703 0.197503 1 100 1.23759 2.13813
35509 10.44 0.0392703 0.197503 1 100 1.23751 2.13832
35543 10.45 0.0392703 0.197503 1 100 1.23743 2.13851
35577 10.46 0.0392703 0.197505 1 100 1.23734 2.13869
35611 10.47 0.0392703 0.197507 1 100 1.23726 2.13887
35645 10.48 0.0392703 0.197507 1 100 1.23718 2.13907
35679 10.49 0.0392703 0.197507 1 100 1.2371 2.13925
35713 10.5 0.0392703 0.197507 1 100 1.23701 2.13945
35747 10.51 0.0392703 0.197508 1 100 1.23693 2.13966
35781 10.52 0.0392703 0.197508 1 100 1.23685 2.13986
35815 10.53 0.0392703 0.197508 1 100 1.23676 2.14005
35849 10.54 0.0392703 0.197508 1 100 1.23667 2.14023
35883 10.55 0.0392703 0.197508 1 100 1.23659 2.14043
35917 10.56 0.0392703 0.197509 1 100 1.2365 2.14062
35951 10.57 0.0392703 0.197509 1 100 1.23641 2.14081
35985 10.58 0.0392703 0.197511 1 100 1.23632 2.14099
36019 10.59 0.0392703 0.197511 1 100 1.23623 2.14118
36053 10.6 0.0392703 0.197511 1 100 1.23614 2.14137
36087 10.61 0.0392703 0.197511 1 100 1.23605 2.14155
36121 10.62 0.0392703 0.197512 1 100 1.23596 2.14175
36155 10.63 0.0392703 0.197514 1 100 1.23587 2.1419
36189 10.64 0.0392703 0.197514 1 100 1.23579 2.14206
36223 10.65 0.0392703 0.197513 1 100 1.2357 2.14221
36257 10.66 0.0392703 0.197513 1 100 1.2356 2.14237
36291 10.67 0.0392703 0.197514 1 100 1.23551 2.14252
36325 10.68 0.0392703 0.197514 1 100 1.23541 2.14268
36359 10.69 0.0392703 0.197514 1 100 1.23532 2.14284
36393 10.7 0.0392703 0.197513 1 100 1.23523 2.143
36427 10.71 0.0392703 0.197513 1 100 1.23515 2.14316
36461 10.72 0.0392703 0.197513 1 100 1.23507 2.14334
36495 10.73 0.0392703 0.197513 1 100 1.23499 2.14351
36529 10.74 0.0392703 0.197512 1 100 1.23491 2.14369
36563 10.75 0.0392703 0.197512 1 100 1.23483 2.14387
36597 10.76 0.0392703 0.197511 1 100 1.23475 2.14405
36631 10.77 0.0392703 0.197511 1 100 1.23468 2.14424
36665 10.78 0.0392703 0.197511 1 100 1.2346 2.14442
36699 10.79 0.0392703 0.19751 1 100 1.23453 2.14461
36733 10.8 0.0392703 0.197509 1 100 1.23445 2.14481
36767 10.81 0.0392703 0.19751 1 100 1.23437 2.145
36801 10.82 0.0392703 0.197509 1 100 1.23429 2.1452
36835 10.83 0.0392703 0.19751 1 100 1.23422 2.1454
36869 10.84 0.0392703 0.19751 1 100 1.23414 2.14559
36903 10.85 0.0392703 0.197509 1 100 1.23406 2.14579
36937 10.86 0.0392703 0.197509 1 100 1.23399 2.14598
36971 10.87 0.0392703 0.197509 1 100 1.23391 2.14617
37005 10.88 0.0392703 0.197509 1 100 1.23384 2.14636
37039 10.89 0.0392703 0.197509 1 100 1.23377 2.14655
37073 10.9 0.0392703 0.197508 1 100 1.23369 2.14673
37107 10.91 0.0392703 0.197508 1 100 1.23362 2.1469
37141 10.92 0.0392703 0.197509 1 100 1.23355 2.14707
37175 10.93 0.0392703 0.197509 1 100 1.23349 2.14724
37209 10.94 0.0392703 0.197509 1 100 1.23342 2.14741
37243 10.95 0.0392703 0.197508 1 100 1.23334 2.14757
37277 10.96 0.0392703 0.197508 1 100 1.23327 2.14773
37311 10.97 0.0392703 0.197508 1 100 1.23319 2.14788
37345 10.98 0.0392703 0.197508 1 100 1.23312 2.14804
37379 10.99 0.0392703 0.19751 1 100 1.23304 2.14821
37413 11 0.0392703 0.19751 1 100 1.23296 2.14835
37447 11.01 0.0392703 0.197509 1 100 1.23288 2.1485
37481 11.02 0.0392703 0.19751 1 100 1.2328 2.14865
37515 11.03 0.0392703 0.19751 1 100 1.23272 2.1488
37549 11.04 0.0392703 0.197511 1 100 1.23264 2.14895
37583 11.05 0.0392703 0.197511 1 100 1.23255 2.1491
37617 11.06 0.0392703 0.19751 1 100 1.23247 2.14925
37651 11.07 0.0392703 0.19751 1 100 1.23239 2.1494
37685 11.08 0.0392703 0.19751 1 100 1.23231 2.14955
37719 11.09 0.0392703 0.197509 1 100 1.23223 2.14969
37753 11.1 0.0392703 0.197509 1 100 1.23215 2.14983
37787 11.11 0.0392703 0.197509 1 100 1.23207 2.14997
37821 11.12 0.0392703 0.197509 1 100 1.23199 2.15011
37855 11.13 0.0392703 0.197509 1 100 1.23192 2.15025
37889 11.14 0.0392703 0.197509 1 100 1.23184 2.15039
37923 11.15 0.0392703 0.197509 1 100 1.23176 2.15053
37957 11.16 0.0392703 0.197508 1 100 1.23168 2.15066
37991 11.17 0.0392703 0.197508 1 100 1.2316 2.1508
38025 11.18 0.0392703 0.197508 1 100 1.23152 2.15093
38059 11.19 0.0392703 0.197508 1 100 1.23146 2.15107
38093 11.2 0.0392703 0.197508 1 100 1.2314 2.1512
38127 11.21 0.0392703 0.197508 1 100 1.23135 2.15133
38161 11.22 0.0392703 0.197508 1 100 1.23129 2.15147
38195 11.23 0.0392703 0.197508 1 100 1.23124 2.1516
38229 11.24 0.0392703 0.197508 1 100 1.23118 2.15173
38263 11.25 0.0392703 0.197508 1 100 1.23113 2.15186
38297 11.26 0.0392703 0.197509 1 100 1.23108 2.152
38331 11.27 0.0392703 0.197509 1 100 1.23102 2.15213
38365 11.28 0.0392703 0.197509 1 100 1.23097 2.15227
38399 11.29 0.0392703 0.197509 1 100 1.23091 2.1524
38433 11.3 0.0392703 0.197508 1 100 1.23085 2.15254
38467 11.31 0.0392703 0.197508 1 100 1.2308 2.15267
38501 11.32 0.0392703 0.197508 1 100 1.23074 2.1528
38535 11.33 0.0392703 0.197508 1 100 1.23068 2.15293
38569 11.34 0.0392703 0.197508 1 100 1.23062 2.15306
38603 11.35 0.0392703 0.197507 1 100 1.23056 2.15319
38637 11.36 0.0392703 0.197507 1 100 1.23049 2.15331
38671 11.37 0.0392703 0.197506 1 100 1.23043 2.15343
38705 11.38 0.0392702 0.197507 1 100 1.23036 2.15356
38739 11.39 0.0392702 0.197507 1 100 1.2303 2.15368
38773 11.4 0.0392702 0.197509 1 100 1.23024 2.15379
38807 11.41 0.0392702 0.197509 1 100 1.23018 2.15391
38841 11.42 0.0392702 0.197508 1 100 1.23012 2.15402
38875 11.43 0.0392702 0.197507 1 100 1.23005 2.15413
38909 11.44 0.0392702 0.197507 1 100 1.22998 2.15424
38943 11.45 0.0392702 0.197507 1 100 1.22991 2.15435
38977 11.46 0.0392702 0.197506 1 100 1.22984 2.15446
39011 11.47 0.0392702 0.197506 1 100 1.22978 2.15457
39045 11.48 0.0392702 0.197506 1 100 1.22971 2.15468
39079 11.49 0.0392702 0.197505 1 100 1.22965 2.15479
39113 11.5 0.0392702 0.197505 1 100 1.22958 2.1549
39147 11.51 0.0392702 0.197504 1 100 1.22951 2.155
39181 11.52 0.0392702 0.197504 1 100 1.22945 2.15511
39215 11.53 0.0392702 0.197504 1 100 1.22938 2.15522
39249 11.54 0.0392702 0.197504 1 100 1.22933 2.15532
39283 11.55 0.0392702 0.197503 1 100 1.22927 2.15543
39317 11.56 0.0392702 0.197503 1 100 1.2292 2.15554
39351 11.57 0.0392702 0.197503 1 100 1.22913 2.15565
39385 11.58 0.0392702 0.197503 1 100 1.22905 2.15576
39419 11.59 0.0392702 0.197502 1 100 1.22898 2.15587
39453 11.6 0.0392702 0.197502 1 100 1.2289 2.15598
39487 11.61 0.0392702 0.197502 1 100 1.22883 2.15609
39521 11.62 0.0392702 0.197502 1 100 1.22876 2.1562
39555 11.63 0.0392702 0.197501 1 100 1.22869 2.15631
39589 11.64 0.0392702 0.197501 1 100 1.22861 2.15642
39623 11.65 0.0392702 0.197501 1 100 1.22855 2.15653
39657 11.66 0.0392702 0.197501 1 100 1.22848 2.15664
39691 11.67 0.0392702 0.1975 1 100 1.2284 2.15674
39725 11.68 0.0392702 0.1975 1 100 1.22834 2.15684
39759 11.69 0.0392702 0.1975 1 100 1.22827 2.15694
39793 11.7 0.0392702 0.197498 1 100 1.2282 2.15703
39827 11.71 0.0392702 0.1975 1 100 1.22813 2.15712
39861 11.72 0.0392702 0.197501 1 100 1.22806 2.15722
39895 11.73 0.0392702 0.197501 1 100 1.22801 2.15731
39929 11.74 0.0392702 0.1975 1 100 1.22794 2.15741
39963 11.75 0.0392702 0.1975 1 100 1.22788 2.15751
39997 11.76 0.0392702 0.1975 1 100 1.22781 2.1576
40031 11.77 0.0392702 0.1975 1 100 1.22776 2.1577
40065 11.78 0.0392702 0.1975 1 100 1.22768 2.15779
40099 11.79 0.0392702 0.1975 1 100 1.22762 2.15788
40133 11.8 0.0392702 0.1975 1 100 1.22755 2.15797
40167 11.81 0.0392702 0.1975 1 100 1.22749 2.15807
40201 11.82 0.0392702 0.1975 1 100 1.22742 2.15816
40235 11.83 0.0392702 0.197498 1 100 1.22735 2.15825
40269 11.84 0.0392702 0.197499 1 100 1.2273 2.15834
40303 11.85 0.0392702 0.197499 1 100 1.22724 2.15844
40337 11.86 0.0392702 0.197499 1 100 1.22717 2.15853
40371 11.87 0.0392702 0.197499 1 100 1.22711 2.15862
40405 11.88 0.0392702 0.197499 1 100 1.22704 2.15871
40439 11.89 0.0392702 0.197499 1 100 1.22697 2.1588
40473 11.9 0.0392702 0.197499 1 100 1.2269 2.15889
40507 11.91 0.0392702 0.197499 1 100 1.22683 2.15897
40541 11.92 0.0392702 0.197499 1 100 1.22676 2.15906
40575 11.93 0.0392702 0.197499 1 100 1.22669 2.15914
40609 11.94 0.0392702 0.197499 1 100 1.22662 2.15922
40643 11.95 0.0392702 0.197498 1 100 1.22656 2.1593
40677 11.96 0.0392702 0.197498 1 100 1.22649 2.15938
40711 11.97 0.0392702 0.197498 1 100 1.22643 2.15946
40745 11.98 0.0392702 0.197499 1 100 1.22636 2.15954
40779 11.99 0.0392702 0.197499 1 100 1.22629 2.15962
40813 12 0.0392702 0.197498 1 100 1.22622 2.1597
40847 12.01 0.0392702 0.197499 1 100 1.22615 2.15978
40881 12.02 0.0392702 0.197499 1 100 1.22609 2.15986
40915 12.03 0.0392702 0.197499 1 100 1.22603 2.15994
40949 12.04 0.0392702 0.197499 1 100 1.22597 2.16002
40983 12.05 0.0392702 0.197499 1 100 1.22591 2.1601
41017 12.06 0.0392702 0.197499 1 100 1.22584 2.16018
41051 12.07 0.0392702 0.197499 1 100 1.22578 2.16026
41085 12.08 0.0392702 0.197501 1 100 1.22572 2.16034
41119 12.09 0.0392702 0.197501 1 100 1.22566 2.16042
41153 12.1 0.0392702 0.197501 1 100 1.22559 2.1605
41187 12.11 0.0392702 0.1975 1 100 1.22552 2.16058
41221 12.12 0.0392702 0.197502 1 100 1.22546 2.16066
41255 12.13 0.0392702 0.197502 1 100 1.22539 2.16074
41289 12.14 0.0392702 0.197503 1 100 1.22533 2.16082
41323 12.15 0.0392702 0.197503 1 100 1.22526 2.16089
41357 12.16 0.0392702 0.197503 1 100 1.2252 2.16097
41391 12.17 0.0392702 0.197503 1 100 1.22515 2.16105
41425 12.18 0.0392702 0.197504 1 100 1.22509 2.16113
41459 12.19 0.0392702 0.197503 1 100 1.22503 2.1612
41493 12.2 0.0392702 0.197504 1 100 1.22497 2.16128
41527 12.21 0.0392702 0.197504 1 100 1.22492 2.16135
41561 12.22 0.0392702 0.197505 1 100 1.22486 2.16143
41595 12.23 0.0392702 0.197505 1 100 1.2248 2.1615
41629 12.24 0.0392702 0.197505 1 100 1.22474 2.16158
41663 12.25 0.0392702 0.197506 1 100 1.22468 2.16165
41697 12.26 0.0392702 0.197506 1 100 1.22462 2.16172
41731 12.27 0.0392702 0.197506 1 100 1.22455 2.1618
41765 12.28 0.0392702 0.197508 1 100 1.22449 2.16187
41799 12.29 0.0392702 0.197508 1 100 1.22443 2.16195
41833 12.3 0.0392702 0.197509 1 100 1.22436 2.16203
41867 12.31 0.0392702 0.19751 1 100 1.2243 2.1621
41901 12.32 0.0392702 0.19751 1 100 1.22424 2.16217
41935 12.33 0.0392702 0.19751 1 100 1.22418 2.16225
41969 12.34 0.0392702 0.19751 1 100 1.22412 2.16232
42003 12.35 0.0392702 0.19751 1 100 1.22406 2.1624
42037 12.36 0.0392702 0.197511 1 100 1.224 2.16248
42071 12.37 0.0392702 0.197511 1 100 1.22394 2.16255
42105 12.38 0.0392702 0.197511 1 100 1.22388 2.16263
42139 12.39 0.0392702 0.197511 1 100 1.22382 2.16271
42173 12.4 0.0392702 0.197511 1 100 1.22375 2.16279
42207 12.41 0.0392702 0.197511 1 100 1.22369 2.16288
42241 12.42 0.0392702 0.197511 1 100 1.22363 2.16296
42275 12.43 0.0392702 0.197511 1 100 1.22357 2.16304
42309 12.44 0.0392702 0.197511 1 100 1.2235 2.16312
42343 12.45 0.0392702 0.197511 1 100 1.22344 2.16321
42377 12.46 0.0392702 0.197511 1 100 1.22338 2.16329
42411 12.47 0.0392702 0.197512 1 100 1.22333 2.16338
42445 12.48 0.0392702 0.197512 1 100 1.22328 2.16346
42479 12.49 0.0392702 0.197512 1 100 1.22323 2.16354
42513 12.5 0.0392702 0.197512 1 100 1.22318 2.16362
42547 12.51 0.0392702 0.197512 1 100 1.22312 2.1637
42581 12.52 0.0392702 0.197512 1 100 1.22307 2.16378
42615 12.53 0.0392702 0.197512 1 100 1.22302 2.16386
42649 12.54 0.0392702 0.197512 1 100 1.22297 2.16394
42683 12.55 0.0392702 0.197512 1 100 1.22292 2.16402
42717 12.56 0.0392702 0.197511 1 100 1.22287 2.16409
42751 12.57 0.0392702 0.197511 1 100 1.22281 2.16417
42785 12.58 0.0392702 0.197511 1 100 1.22275 2.16425
42819 12.59 0.0392702 0.197511 1 100 1.2227 2.16432
42853 12.6 0.0392702 0.197511 1 100 1.22263 2.1644
42887 12.61 0.0392702 0.197511 1 100 1.22257 2.16447
42921 12.62 0.0392702 0.19751 1 100 1.22251 2.16455
42955 12.63 0.0392702 0.19751 1 100 1.22246 2.16463
42989 12.64 0.0392702 0.19751 1 100 1.2224 2.1647
43023 12.65 0.0392702 0.19751 1 100 1.22234 2.16478
43057 12.66 0.0392702 0.19751 1 100 1.22228 2.16485
43091 12.67 0.0392702 0.19751 1 100 1.22222 2.16493
43125 12.68 0.0392702 0.19751 1 100 1.22216 2.16501
43159 12.69 0.0392702 0.19751 1 100 1.2221 2.16508
43193 12.7 0.0392702 0.19751 1 100 1.22204 2.16515
43227 12.71 0.0392702 0.19751 1 100 1.22198 2.16523
43261 12.72 0.0392702 0.197509 1 100 1.22191 2.1653
43295 12.73 0.0392702 0.197509 1 100 1.22185 2.16537
43329 12.74 0.0392702 0.197509 1 100 1.22179 2.16545
43363 12.75 0.0392702 0.197509 1 100 1.22174 2.16552
43397 12.76 0.0392702 0.197508 1 100 1.22168 2.16559
43431 12.77 0.0392702 0.197509 1 100 1.22163 2.16566
43465 12.78 0.0392702 0.197509 1 100 1.22158 2.16573
43499 12.79 0.0392702 0.197509 1 100 1.22152 2.16581
43533 12.8 0.0392702 0.197509 1 100 1.22146 2.16588
43567 12.81 0.0392702 0.197509 1 100 1.22141 2.16595
43601 12.82 0.0392702 0.19751 1 100 1.22136 2.16602
43635 12.83 0.0392702 0.197509 1 100 1.22131 2.16609
43669 12.84 0.0392702 0.197509 1 100 1.22126 2.16616
43703 12.85 0.0392702 0.197509 1 100 1.2212 2.16623
43737 12.86 0.0392702 0.197509 1 100 1.22116 2.1663
43771 12.87 0.0392702 0.197509 1 100 1.22111 2.16636
43805 12.88 0.0392702 0.197509 1 100 1.22107 2.16643
43839 12.89 0.0392702 0.197509 1 100 1.22102 2.1665
43873 12.9 0.0392702 0.197509 1 100 1.22098 2.16657
43907 12.91 0.0392702 0.197509 1 100 1.22094 2.16663
43941 12.92 0.0392702 0.197509 1 100 1.22092 2.1667
43975 12.93 0.0392702 0.197509 1 100 1.22088 2.16676
44009 12.94 0.0392702 0.197509 1 100 1.22085 2.16683
44043 12.95 0.0392702 0.197508 1 100 1.22082 2.16689
44077 12.96 0.0392702 0.197508 1 100 1.2208 2.16695
44111 12.97 0.0392702 0.197508 1 100 1.22075 2.16701
44145 12.98 0.0392702 0.197509 1 100 1.22072 2.16708
44179 12.99 0.0392702 0.197509 1 100 1.22068 2.16714
44213 13 0.0392702 0.197508 1 100 1.22064 2.1672
44247 13.01 0.0392702 0.197508 1 100 1.22061 2.16725
44281 13.02 0.0392702 0.197508 1 100 1.22057 2.16731
44315 13.03 0.0392702 0.197508 1 100 1.22053 2.16738
44349 13.04 0.0392702 0.197507 1 100 1.22049 2.16745
44383 13.05 0.0392702 0.197508 1 100 1.22046 2.16752
44417 13.06 0.0392702 0.197508 1 100 1.22042 2.16759
44451 13.07 0.0392701 0.197507 1 100 1.22039 2.16766
44485 13.08 0.0392701 0.197507 1 100 1.22035 2.16773
44519 13.09 0.0392701 0.197507 1 100 1.22031 2.1678
44553 13.1 0.0392701 0.197506 1 100 1.22027 2.16787
44587 13.11 0.0392701 0.197507 1 100 1.22023 2.16793
44621 13.12 0.0392701 0.197507 1 100 1.22019 2.168
44655 13.13 0.0392701 0.197507 1 100 1.22015 2.16806
44689 13.14 0.0392701 0.197507 1 100 1.22011 2.16813
44723 13.15 0.0392701 0.197507 1 100 1.22007 2.16819
44757 13.16 0.0392701 0.197507 1 100 1.22004 2.16825
44791 13.17 0.0392701 0.197507 1 100 1.21999 2.16831
44825 13.18 0.0392701 0.197506 1 100 1.21995 2.16836
44859 13.19 0.0392701 0.197506 1 100 1.21991 2.16842
44893 13.2 0.0392701 0.197507 1 100 1.21986 2.16847
44927 13.21 0.0392701 0.197507 1 100 1.2198 2.16853
44961 13.22 0.0392701 0.197507 1 100 1.21975 2.16858
44995 13.23 0.0392701 0.197507 1 100 1.2197 2.16864
45029 13.24 0.0392701 0.197507 1 100 1.21965 2.16869
45063 13.25 0.0392701 0.197507 1 100 1.21961 2.16873
45097 13.26 0.0392701 0.197507 1 100 1.21955 2.16878
45131 13.27 0.0392701 0.197507 1 100 1.21951 2.16883
45165 13.28 0.0392701 0.197507 1 100 1.21947 2.16887
45199 13.29 0.0392701 0.197507 1 100 1.21942 2.16892
45233 13.3 0.0392701 0.197507 1 100 1.21937 2.16896
45267 13.31 0.0392701 0.197507 1 100 1.21933 2.169
45301 13.32 0.0392701 0.197506 1 100 1.21928 2.16904
45335 13.33 0.0392701 0.197504 1 100 1.21923 2.16908
45369 13.34 0.0392701 0.197506 1 100 1.21919 2.16912
45403 13.35 0.0392701 0.197506 1 100 1.21915 2.16915
45437 13.36 0.0392701 0.197506 1 100 1.21911 2.16919
45471 13.37 0.0392701 0.197506 1 100 1.21907 2.16922
45505 13.38 0.0392701 0.197506 1 100 1.21903 2.16926
45539 13.39 0.0392701 0.197506 1 100 1.21898 2.16929
45573 13.4 0.0392701 0.197506 1 100 1.21894 2.16932
45607 13.41 0.0392701 0.197506 1 100 1.2189 2.16935
45641 13.42 0.0392701 0.197507 1 100 1.21886 2.16938
45675 13.43 0.0392701 0.197507 1 100 1.21882 2.1694
45709 13.44 0.0392701 0.197507 1 100 1.21878 2.16944
45743 13.45 0.0392701 0.197508 1 100 1.21874 2.16946
45777 13.46 0.0392701 0.197505 1 100 1.21869 2.16949
45811 13.47 0.0392701 0.197508 1 100 1.21865 2.16953
45845 13.48 0.0392701 0.197508 1 100 1.2186 2.16954
45879 13.49 0.0392701 0.197508 1 100 1.21855 2.16958
45913 13.5 0.0392701 0.197509 1 100 1.2185 2.16961
45947 13.51 0.0392701 0.197509 1 100 1.21845 2.16963
45981 13.52 0.0392701 0.197505 1 100 1.2184 2.16967
46015 13.53 0.0392701 0.197508 1 100 1.21835 2.16969
46049 13.54 0.0392701 0.197504 1 100 1.2183 2.16972
46083 13.55 0.0392701 0.197509 1 100 1.21826 2.16976
46117 13.56 0.0392701 0.197509 1 100 1.21821 2.1698
46151 13.57 0.0392701 0.19751 1 100 1.21817 2.16983
46185 13.58 0.0392701 0.197509 1 100 1.21813 2.16984
46219 13.59 0.0392701 0.197509 1 100 1.21809 2.16989
46253 13.6 0.0392701 0.197509 1 100 1.21806 2.16993
46287 13.61 0.0392701 0.197509 1 100 1.21802 2.16997
46321 13.62 0.0392701 0.197508 1 100 1.21799 2.17001
46355 13.63 0.0392701 0.197508 1 100 1.21796 2.17006
46389 13.64 0.0392701 0.197507 1 100 1.21792 2.1701
46423 13.65 0.0392701 0.197507 1 100 1.21789 2.17014
46457 13.66 0.0392701 0.197507 1 100 1.21786 2.17019
46491 13.67 0.0392701 0.197507 1 100 1.21783 2.17023
46525 13.68 0.0392701 0.197506 1 100 1.2178 2.17027
46559 13.69 0.0392701 0.197506 1 100 1.21776 2.17032
46593 13.7 0.0392701 0.197506 1 100 1.21773 2.17037
46627 13.71 0.0392701 0.197506 1 100 1.2177 2.17041
46661 13.72 0.0392701 0.197506 1 100 1.21767 2.17045
46695 13.73 0.0392701 0.197506 1 100 1.21764 2.17051
46729 13.74 0.0392701 0.197505 1 100 1.21761 2.17056
46763 13.75 0.0392701 0.197505 1 100 1.21758 2.17062
46797 13.76 0.0392701 0.197505 1 100 1.21755 2.17068
46831 13.77 0.0392701 0.197504 1 100 1.21753 2.17074
46865 13.78 0.0392701 0.197504 1 100 1.2175 2.1708
46899 13.79 0.0392701 0.197504 1 100 1.21747 2.17085
46933 13.8 0.0392701 0.197503 1 100 1.21744 2.17091
46967 13.81 0.0392701 0.197503 1 100 1.21741 2.17097
47001 13.82 0.0392701 0.197502 1 100 1.21738 2.17103
47035 13.83 0.0392701 0.197502 1 100 1.21735 2.17108
47069 13.84 0.0392701 0.197502 1 100 1.21732 2.17113
47103 13.85 0.0392701 0.197502 1 100 1.21729 2.17119
47137 13.86 0.0392701 0.197501 1 100 1.21727 2.17124
47171 13.87 0.0392701 0.197501 1 100 1.21724 2.1713
47205 13.88 0.0392701 0.197501 1 100 1.21721 2.17135
47239 13.89 0.0392701 0.1975 1 100 1.21718 2.1714
47273 13.9 0.0392701 0.1975 1 100 1.21716 2.17146
47307 13.91 0.0392701 0.1975 1 100 1.21713 2.17151
47341 13.92 0.0392701 0.197501 1 100 1.2171 2.17156
47375 13.93 0.0392701 0.1975 1 100 1.21708 2.17161
47409 13.94 0.0392701 0.1975 1 100 1.21705 2.17167
47443 13.95 0.0392701 0.1975 1 100 1.21703 2.17172
47477 13.96 0.0392701 0.1975 1 100 1.217 2.17177
47511 13.97 0.0392701 0.197499 1 100 1.21698 2.17182
47545 13.98 0.0392701 0.197499 1 100 1.21695 2.17187
47579 13.99 0.0392701 0.1975 1 100 1.21693 2.17192
47613 14 0.0392701 0.1975 1 100 1.21691 2.17197
47647 14.01 0.0392701 0.1975 1 100 1.21688 2.17202
47681 14.02 0.0392701 0.1975 1 100 1.21686 2.17207
47715 14.03 0.0392701 0.1975 1 100 1.21684 2.17212
47749 14.04 0.0392701 0.1975 1 100 1.21682 2.17216
47783 14.05 0.0392701 0.197499 1 100 1.2168 2.17221
47817 14.06 0.0392701 0.197501 1 100 1.21678 2.17226
47851 14.07 0.0392701 0.1975 1 100 1.21676 2.1723
47885 14.08 0.0392701 0.1975 1 100 1.21674 2.17235
47919 14.09 0.0392701 0.1975 1 100 1.21672 2.1724
47953 14.1 0.0392701 0.1975 1 100 1.21669 2.17244
47987 14.11 0.0392701 0.1975 1 100 1.21667 2.17249
48021 14.12 0.0392701 0.197499 1 100 1.21665 2.17253
48055 14.13 0.0392701 0.197499 1 100 1.21662 2.17258
48089 14.14 0.0392701 0.197499 1 100 1.2166 2.17262
48123 14.15 0.0392701 0.197499 1 100 1.21658 2.17266
48157 14.16 0.0392701 0.197499 1 100 1.21655 2.17271
48191 14.17 0.0392701 0.197499 1 100 1.21653 2.17275
48225 14.18 0.0392701 0.197499 1 100 1.2165 2.17279
48259 14.19 0.0392701 0.197499 1 100 1.21648 2.17283
48293 14.2 0.0392701 0.197498 1 100 1.21646 2.17287
48327 14.21 0.0392701 0.197498 1 100 1.21644 2.17292
48361 14.22 0.0392701 0.197498 1 100 1.21642 2.17296
48395 14.23 0.0392701 0.197498 1 100 1.2164 2.173
48429 14.24 0.0392701 0.197498 1 100 1.21638 2.17304
48463 14.25 0.0392701 0.197498 1 100 1.21636 2.17308
48497 14.26 0.0392701 0.197498 1 100 1.21634 2.17312
48531 14.27 0.0392701 0.197498 1 100 1.21632 2.17316
48565 14.28 0.0392701 0.197497 1 100 1.21631 2.1732
48599 14.29 0.0392701 0.197497 1 100 1.21629 2.17324
48633 14.3 0.0392701 0.197497 1 100 1.21627 2.17327
48667 14.31 0.0392701 0.197497 1 100 1.21626 2.17331
48701 14.32 0.0392701 0.197497 1 100 1.21624 2.17335
48735 14.33 0.0392701 0.197497 1 100 1.21622 2.17339
48769 14.34 0.0392701 0.197497 1 100 1.21621 2.17342
48803 14.35 0.0392701 0.197496 1 100 1.21619 2.17346
48837 14.36 0.0392701 0.197496 1 100 1.21618 2.17349
48871 14.37 0.0392701 0.197496 1 100 1.21616 2.17353
48905 14.38 0.0392701 0.197496 1 100 1.21615 2.17356
48939 14.39 0.0392701 0.197496 1 100 1.21613 2.17359
48973 14.4 0.0392701 0.197496 1 100 1.21612 2.17362
49007 14.41 0.0392701 0.197496 1 100 1.21611 2.17366
49041 14.42 0.0392701 0.197496 1 100 1.21609 2.17369
49075 14.43 0.0392701 0.197496 1 100 1.21608 2.17372
49109 14.44 0.0392701 0.197496 1 100 1.21607 2.17375
49143 14.45 0.0392701 0.197496 1 100 1.21606 2.17378
49177 14.46 0.0392701 0.197496 1 100 1.21604 2.1738
49211 14.47 0.0392701 0.197496 1 100 1.21603 2.17383
49245 14.48 0.0392701 0.197496 1 100 1.21602 2.17386
49279 14.49 0.0392701 0.197495 1 100 1.21601 2.17388
49313 14.5 0.0392701 0.197495 1 100 1.21599 2.17391
49347 14.51 0.0392701 0.197495 1 100 1.21597 2.17393
49381 14.52 0.0392701 0.197495 1 100 1.21596 2.17395
49415 14.53 0.0392701 0.197497 1 100 1.21595 2.17398
49449 14.54 0.0392701 0.197497 1 100 1.21594 2.174
49483 14.55 0.0392701 0.197497 1 100 1.21593 2.17402
49517 14.56 0.0392701 0.197497 1 100 1.21593 2.17404
49551 14.57 0.0392701 0.197497 1 100 1.21592 2.17406
49585 14.58 0.0392701 0.197497 1 100 1.21592 2.17408
49619 14.59 0.0392701 0.197497 1 100 1.21591 2.1741
49653 14.6 0.0392701 0.197497 1 100 1.21591 2.17412
49687 14.61 0.0392701 0.197497 1 100 1.2159 2.17414
49721 14.62 0.0392701 0.197497 1 100 1.2159 2.17416
49755 14.63 0.0392701 0.197497 1 100 1.21589 2.17418
49789 14.64 0.0392701 0.197498 1 100 1.21589 2.17419
49823 14.65 0.0392701 0.197499 1 100 1.21588 2.17421
49857 14.66 0.0392701 0.197499 1 100 1.21588 2.17423
49891 14.67 0.0392701 0.197499 1 100 1.21587 2.17425
49925 14.68 0.0392701 0.197499 1 100 1.21587 2.17426
49959 14.69 0.0392701 0.1975 1 100 1.21586 2.17428
49993 14.7 0.0392701 0.1975 1 100 1.21586 2.17429
50027 14.71 0.0392701 0.1975 1 100 1.21585 2.17431
50061 14.72 0.0392701 0.1975 1 100 1.21585 2.17433
50095 14.73 0.0392701 0.1975 1 100 1.21584 2.17434
50129 14.74 0.0392701 0.1975 1 100 1.21584 2.17436
50163 14.75 0.0392701 0.1975 1 100 1.21584 2.17437
50197 14.76 0.0392701 0.197501 1 100 1.21583 2.17439
50231 14.77 0.0392701 0.197501 1 100 1.21583 2.1744
50265 14.78 0.0392701 0.197501 1 100 1.21583 2.17442
50299 14.79 0.0392701 0.197501 1 100 1.21582 2.17444
50333 14.8 0.0392701 0.197501 1 100 1.21582 2.17445
50367 14.81 0.0392701 0.197501 1 100 1.21582 2.17447
50401 14.82 0.0392701 0.197501 1 100 1.21581 2.17448
50435 14.83 0.0392701 0.197501 1 100 1.21581 2.1745
50469 14.84 0.0392701 0.197501 1 100 1.21581 2.17451
50503 14.85 0.0392701 0.197501 1 100 1.2158 2.17453
50537 14.86 0.0392701 0.197501 1 100 1.2158 2.17454
50571 14.87 0.0392701 0.197501 1 100 1.2158 2.17455
50605 14.88 0.0392701 0.197501 1 100 1.21579 2.17457
50639 14.89 0.0392701 0.197501 1 100 1.21579 2.17459
50673 14.9 0.0392701 0.197501 1 100 1.21579 2.1746
50707 14.91 0.0392701 0.197501 1 100 1.21578 2.17461
50741 14.92 0.0392701 0.197501 1 100 1.21578 2.17463
50775 14.93 0.0392701 0.197502 1 100 1.21578 2.17464
50809 14.94 0.0392701 0.197501 1 100 1.21577 2.17465
50843 14.95 0.03927 0.197502 1 100 1.21577 2.17466
50877 14.96 0.03927 0.197502 1 100 1.21577 2.17468
50911 14.97 0.03927 0.197502 1 100 1.21576 2.17469
50945 14.98 0.03927 0.197502 1 100 1.21576 2.1747
50979 14.99 0.03927 0.197502 1 100 1.21576 2.17472
51013 15 0.03927 0.197502 1 100 1.21575 2.17473
51047 15.01 0.03927 0.197502 1 100 1.21575 2.17474
51081 15.02 0.03927 0.197502 1 100 1.21575 2.17475
51115 15.03 0.03927 0.197502 1 100 1.21574 2.17477
51149 15.04 0.03927 0.197502 1 100 1.21574 2.17478
51183 15.05 0.03927 0.197502 1 100 1.21574 2.17479
51217 15.06 0.03927 0.197502 1 100 1.21573 2.1748
51251 15.07 0.03927 0.197502 1 100 1.21573 2.17481
51285 15.08 0.03927 0.197502 1 100 1.21572 2.17483
51319 15.09 0.03927 0.197502 1 100 1.21572 2.17484
51353 15.1 0.03927 0.197502 1 100 1.21572 2.17486
51387 15.11 0.03927 0.197501 1 100 1.21571 2.17488
51421 15.12 0.03927 0.197501 1 100 1.21571 2.1749
51455 15.13 0.03927 0.197501 1 100 1.2157 2.17492
51489 15.14 0.03927 0.197501 1 100 1.2157 2.17494
51523 15.15 0.03927 0.197501 1 100 1.21569 2.17495
51557 15.16 0.03927 0.197501 1 100 1.21569 2.17497
51591 15.17 0.03927 0.197501 1 100 1.21569 2.17499
51625 15.18 0.03927 0.197501 1 100 1.21568 2.17501
51659 15.19 0.03927 0.197502 1 100 1.21568 2.17503
51693 15.2 0.03927 0.197502 1 100 1.21568 2.17504
51727 15.21 0.03927 0.197502 1 100 1.21567 2.17506
51761 15.22 0.03927 0.197502 1 100 1.21567 2.17508
51795 15.23 0.03927 0.197501 1 100 1.21567 2.1751
51829 15.24 0.03927 0.197501 1 100 1.21566 2.17512
51863 15.25 0.03927 0.197501 1 100 1.21566 2.17513
51897 15.26 0.03927 0.197501 1 100 1.21566 2.17515
51931 15.27 0.03927 0.197501 1 100 1.21566 2.17517
51965 15.28 0.03927 0.197501 1 100 1.21566 2.17518
51999 15.29 0.03927 0.197501 1 100 1.21566 2.1752
52033 15.3 0.03927 0.197501 1 100 1.21565 2.17522
52067 15.31 0.03927 0.197501 1 100 1.21565 2.17523
52101 15.32 0.03927 0.197502 1 100 1.21565 2.17525
52135 15.33 0.03927 0.197502 1 100 1.21565 2.17527
52169 15.34 0.03927 0.197502 1 100 1.21565 2.17528
52203 15.35 0.03927 0.197502 1 100 1.21565 2.1753
52237 15.36 0.03927 0.197502 1 100 1.21564 2.17532
52271 15.37 0.03927 0.197502 1 100 1.21564 2.17534
52305 15.38 0.03927 0.197502 1 100 1.21564 2.17535
52339 15.39 0.03927 0.197502 1 100 1.21564 2.17537
52373 15.4 0.03927 0.197502 1 100 1.21564 2.17539
52407 15.41 0.03927 0.197502 1 100 1.21563 2.17541
52441 15.42 0.03927 0.197502 1 100 1.21563 2.17543
52475 15.43 0.03927 0.197502 1 100 1.21563 2.17544
52509 15.44 0.03927 0.197502 1 100 1.21563 2.17546
52543 15.45 0.03927 0.197502 1 100 1.21562 2.17548
52577 15.46 0.03927 0.197502 1 100 1.21562 2.1755
52611 15.47 0.03927 0.197502 1 100 1.21562 2.17552
52645 15.48 0.03927 0.197501 1 100 1.21561 2.17554
52679 15.49 0.03927 0.197502 1 100 1.21561 2.17556
52713 15.5 0.03927 0.197501 1 100 1.21561 2.17558
52747 15.51 0.03927 0.197501 1 100 1.2156 2.1756
52781 15.52 0.03927 0.197502 1 100 1.2156 2.17562
52815 15.53 0.03927 0.197502 1 100 1.21559 2.17564
52849 15.54 0.03927 0.197502 1 100 1.21558 2.17566
52883 15.55 0.03927 0.197502 1 100 1.21558 2.17568
52917 15.56 0.03927 0.197502 1 100 1.21557 2.17571
52951 15.57 0.03927 0.197502 1 100 1.21556 2.17573
52985 15.58 0.03927 0.197502 1 100 1.21555 2.17575
53019 15.59 0.03927 0.197502 1 100 1.21554 2.17578
53053 15.6 0.03927 0.197502 1 100 1.21554 2.1758
53087 15.61 0.03927 0.197502 1 100 1.21553 2.17583
53121 15.62 0.03927 0.197501 1 100 1.21552 2.17586
53155 15.63 0.03927 0.197501 1 100 1.21551 2.17589
53189 15.64 0.03927 0.197501 1 100 1.21551 2.17591
53223 15.65 0.03927 0.197501 1 100 1.2155 2.17594
53257 15.66 0.03927 0.197501 1 100 1.2155 2.17597
53291 15.67 0.03927 0.197503 1 100 1.2155 2.176
53325 15.68 0.03927 0.197503 1 100 1.2155 2.17603
53359 15.69 0.03927 0.197502 1 100 1.2155 2.17606
53393 15.7 0.03927 0.197502 1 100 1.2155 2.17609
53427 15.71 0.03927 0.197502 1 100 1.2155 2.17612
53461 15.72 0.03927 0.197503 1 100 1.2155 2.17615
53495 15.73 0.03927 0.197502 1 100 1.2155 2.17618
53529 15.74 0.03927 0.197502 1 100 1.2155 2.17621
53563 15.75 0.03927 0.197502 1 100 1.2155 2.17624
53597 15.76 0.03927 0.197502 1 100 1.2155 2.17627
53631 15.77 0.03927 0.197503 1 100 1.2155 2.1763
53665 15.78 0.03927 0.197503 1 100 1.21549 2.17633
53699 15.79 0.03927 0.197502 1 100 1.21549 2.17636
53733 15.8 0.03927 0.197502 1 100 1.21549 2.17638
53767 15.81 0.03927 0.197503 1 100 1.21549 2.17641
53801 15.82 0.03927 0.197502 1 100 1.21548 2.17644
53835 15.83 0.03927 0.197502 1 100 1.21548 2.17646
53869 15.84 0.03927 0.197502 1 100 1.21548 2.17648
53903 15.85 0.03927 0.197502 1 100 1.21547 2.17651
53937 15.86 0.03927 0.197502 1 100 1.21547 2.17653
53971 15.87 0.03927 0.197502 1 100 1.21547 2.17655
54005 15.88 0.03927 0.197502 1 100 1.21546 2.17657
54039 15.89 0.03927 0.197502 1 100 1.21546 2.17659
54073 15.9 0.03927 0.197502 1 100 1.21545 2.17661
54107 15.91 0.03927 0.197502 1 100 1.21545 2.17664
54141 15.92 0.03927 0.197502 1 100 1.21544 2.17666
54175 15.93 0.03927 0.197502 1 100 1.21544 2.17668
54209 15.94 0.03927 0.197502 1 100 1.21543 2.1767
54243 15.95 0.03927 0.197502 1 100 1.21543 2.17672
54277 15.96 0.03927 0.197502 1 100 1.21542 2.17674
54311 15.97 0.03927 0.197502 1 100 1.21542 2.17677
54345 15.98 0.03927 0.197502 1 100 1.21541 2.17679
54379 15.99 0.03927 0.197501 1 100 1.2154 2.17681
54413 16 0.03927 0.197501 1 100 1.21539 2.17683
54447 16.01 0.03927 0.197501 1 100 1.21538 2.17685
54481 16.02 0.03927 0.197501 1 100 1.21537 2.17687
54515 16.03 0.03927 0.197501 1 100 1.21535 2.17689
54549 16.04 0.03927 0.197501 1 100 1.21534 2.17691
54583 16.05 0.03927 0.197501 1 100 1.21532 2.17693
54617 16.06 0.03927 0.197501 1 100 1.21531 2.17695
54651 16.07 0.03927 0.197501 1 100 1.21529 2.17697
54685 16.08 0.03927 0.197501 1 100 1.21527 2.17699
54719 16.09 0.03927 0.197501 1 100 1.21525 2.17701
54753 16.1 0.03927 0.197501 1 100 1.21523 2.17703
54787 16.11 0.03927 0.197501 1 100 1.21522 2.17706
54821 16.12 0.03927 0.197501 1 100 1.21519 2.17708
54855 16.13 0.0392699 0.1975 1 100 1.21517 2.1771
54889 16.14 0.0392699 0.1975 1 100 1.21515 2.17712
54923 16.15 0.0392699 0.1975 1 100 1.21513 2.17714
54957 16.16 0.0392699 0.1975 1 100 1.21511 2.17716
54991 16.17 0.0392699 0.1975 1 100 1.21509 2.17718
55025 16.18 0.0392699 0.1975 1 100 1.21507 2.1772
55059 16.19 0.0392699 0.1975 1 100 1.21505 2.17722
55093 16.2 0.0392699 0.1975 1 100 1.21503 2.17724
55127 16.21 0.0392699 0.1975 1 100 1.21502 2.17726
55161 16.22 0.0392699 0.1975 1 100 1.21501 2.17728
55195 16.23 0.0392699 0.1975 1 100 1.21499 2.1773
55229 16.24 0.0392699 0.1975 1 100 1.21498 2.17732
55263 16.25 0.0392699 0.1975 1 100 1.21496 2.17733
55297 16.26 0.0392699 0.1975 1 100 1.21495 2.17735
55331 16.27 0.0392699 0.1975 1 100 1.21493 2.17737
55365 16.28 0.0392699 0.1975 1 100 1.21492 2.17738
55399 16.29 0.0392699 0.1975 1 100 1.2149 2.1774
55433 16.3 0.0392699 0.1975 1 100 1.21489 2.17741
55467 16.31 0.0392699 0.1975 1 100 1.21488 2.17742
55501 16.32 0.0392699 0.1975 1 100 1.21487 2.17744
55535 16.33 0.0392699 0.1975 1 100 1.21486 2.17744
55569 16.34 0.0392699 0.1975 1 100 1.21485 2.17745
55603 16.35 0.0392699 0.1975 1 100 1.21484 2.17746
55637 16.36 0.0392699 0.1975 1 100 1.21483 2.17747
55671 16.37 0.0392699 0.1975 1 100 1.21482 2.17748
55705 16.38 0.0392699 0.1975 1 100 1.21481 2.17748
55739 16.39 0.0392699 0.197499 1 100 1.2148 2.17749
55773 16.4 0.0392699 0.1975 1 100 1.21479 2.17749
55807 16.41 0.0392699 0.197499 1 100 1.21478 2.1775
55841 16.42 0.0392699 0.1975 1 100 1.21477 2.1775
55875 16.43 0.0392699 0.197499 1 100 1.21476 2.1775
55909 16.44 0.0392699 0.197499 1 100 1.21475 2.17751
55943 16.45 0.0392699 0.197499 1 100 1.21474 2.17751
55977 16.46 0.0392699 0.197499 1 100 1.21474 2.17751
56011 16.47 0.0392699 0.197501 1 100 1.21473 2.17751
56045 16.48 0.0392699 0.197501 1 100 1.21472 2.17752
56079 16.49 0.0392699 0.197501 1 100 1.21472 2.17752
56113 16.5 0.0392699 0.197502 1 100 1.21471 2.17752
56147 16.51 0.0392699 0.197502 1 100 1.21471 2.17752
56181 16.52 0.0392699 0.197502 1 100 1.2147 2.17753
56215 16.53 0.0392699 0.197502 1 100 1.2147 2.17753
56249 16.54 0.0392699 0.197502 1 100 1.21469 2.17754
56283 16.55 0.0392699 0.197502 1 100 1.21469 2.17754
56317 16.56 0.0392699 0.197502 1 100 1.21469 2.17755
56351 16.57 0.0392699 0.197502 1 100 1.21468 2.17755
56385 16.58 0.0392699 0.197502 1 100 1.21468 2.17756
56419 16.59 0.0392699 0.197502 1 100 1.21467 2.17756
56453 16.6 0.0392699 0.197502 1 100 1.21466 2.17757
56487 16.61 0.0392699 0.197503 1 100 1.21466 2.17757
56521 16.62 0.0392699 0.197503 1 100 1.21466 2.17758
56555 16.63 0.0392699 0.197503 1 100 1.21466 2.17759
56589 16.64 0.0392699 0.197503 1 100 1.21466 2.17759
56623 16.65 0.0392699 0.197502 1 100 1.21466 2.1776
56657 16.66 0.0392699 0.197504 1 100 1.21466 2.1776
56691 16.67 0.0392699 0.197504 1 100 1.21466 2.17761
56725 16.68 0.0392699 0.197504 1 100 1.21466 2.17761
56759 16.69 0.0392699 0.197504 1 100 1.21465 2.17762
56793 16.7 0.0392699 0.197503 1 100 1.21465 2.17763
56827 16.71 0.0392699 0.197503 1 100 1.21464 2.17763
56861 16.72 0.0392699 0.197503 1 100 1.21464 2.17764
56895 16.73 0.0392699 0.197503 1 100 1.21464 2.17765
56929 16.74 0.0392699 0.197503 1 100 1.21463 2.17765
56963 16.75 0.0392699 0.197503 1 100 1.21463 2.17766
56997 16.76 0.0392699 0.197503 1 100 1.21463 2.17767
57031 16.77 0.0392699 0.197503 1 100 1.21463 2.17768
57065 16.78 0.0392699 0.197503 1 100 1.21463 2.17769
57099 16.79 0.0392699 0.197503 1 100 1.21463 2.1777
57133 16.8 0.0392699 0.197502 1 100 1.21463 2.17771
57167 16.81 0.0392699 0.1975 1 100 1.21463 2.17772
57201 16.82 0.0392699 0.197502 1 100 1.21463 2.17773
57235 16.83 0.0392699 0.197502 1 100 1.21462 2.17774
57269 16.84 0.0392699 0.197502 1 100 1.21462 2.17776
57303 16.85 0.0392699 0.197501 1 100 1.21462 2.17777
57337 16.86 0.0392699 0.197501 1 100 1.21461 2.17778
57371 16.87 0.0392699 0.197502 1 100 1.21461 2.17779
57405 16.88 0.0392699 0.197501 1 100 1.2146 2.17781
57439 16.89 0.0392699 0.197499 1 100 1.2146 2.17782
57473 16.9 0.0392699 0.197501 1 100 1.21459 2.17783
57507 16.91 0.0392699 0.1975 1 100 1.21459 2.17785
57541 16.92 0.0392699 0.197501 1 100 1.21458 2.17786
57575 16.93 0.0392699 0.1975 1 100 1.21457 2.17788
57609 16.94 0.0392699 0.197501 1 100 1.21457 2.17789
57643 16.95 0.0392699 0.1975 1 100 1.21456 2.17791
57677 16.96 0.0392699 0.1975 1 100 1.21455 2.17792
57711 16.97 0.0392699 0.197499 1 100 1.21454 2.17794
57745 16.98 0.0392699 0.197501 1 100 1.21453 2.17795
57779 16.99 0.0392699 0.1975 1 100 1.21452 2.17797
57813 17 0.0392699 0.1975 1 100 1.21451 2.17798
57847 17.01 0.0392699 0.1975 1 100 1.2145 2.178
57881 17.02 0.0392699 0.1975 1 100 1.21449 2.17801
57915 17.03 0.0392698 0.1975 1 100 1.21448 2.17802
57949 17.04 0.0392698 0.1975 1 100 1.21447 2.17804
57983 17.05 0.0392698 0.197501 1 100 1.21446 2.17805
58017 17.06 0.0392698 0.197501 1 100 1.21445 2.17806
58051 17.07 0.0392698 0.1975 1 100 1.21444 2.17807
58085 17.08 0.0392698 0.1975 1 100 1.21443 2.17808
58119 17.09 0.0392698 0.1975 1 100 1.21442 2.17809
58153 17.1 0.0392698 0.1975 1 100 1.21441 2.1781
58187 17.11 0.0392698 0.1975 1 100 1.21441 2.17811
58221 17.12 0.0392698 0.1975 1 100 1.2144 2.17812
58255 17.13 0.0392698 0.1975 1 100 1.21439 2.17813
58289 17.14 0.0392698 0.1975 1 100 1.21439 2.17813
58323 17.15 0.0392698 0.1975 1 100 1.21438 2.17814
58357 17.16 0.0392698 0.1975 1 100 1.21438 2.17815
58391 17.17 0.0392698 0.197499 1 100 1.21437 2.17816
58425 17.18 0.0392698 0.197499 1 100 1.21437 2.17817
58459 17.19 0.0392698 0.197496 1 100 1.21436 2.17818
58493 17.2 0.0392698 0.197499 1 100 1.21436 2.17819
58527 17.21 0.0392698 0.197498 1 100 1.21435 2.1782
58561 17.22 0.0392698 0.197499 1 100 1.21435 2.17821
58595 17.23 0.0392698 0.197499 1 100 1.21434 2.17822
58629 17.24 0.0392698 0.197499 1 100 1.21434 2.17823
58663 17.25 0.0392698 0.197499 1 100 1.21433 2.17824
58697 17.26 0.0392698 0.197499 1 100 1.21433 2.17825
58731 17.27 0.0392698 0.197499 1 100 1.21432 2.17826
58765 17.28 0.0392698 0.197498 1 100 1.21432 2.17827
58799 17.29 0.0392698 0.197498 1 100 1.21431 2.17828
58833 17.3 0.0392698 0.197499 1 100 1.21431 2.17829
58867 17.31 0.0392698 0.197498 1 100 1.2143 2.17831
58901 17.32 0.0392698 0.197498 1 100 1.2143 2.17832
58935 17.33 0.0392698 0.197496 1 100 1.21429 2.17833
58969 17.34 0.0392698 0.197498 1 100 1.21429 2.17834
59003 17.35 0.0392698 0.197498 1 100 1.21429 2.17835
59037 17.36 0.0392698 0.197497 1 100 1.21428 2.17836
59071 17.37 0.0392698 0.197497 1 100 1.21428 2.17837
59105 17.38 0.0392698 0.197498 1 100 1.21428 2.17838
59139 17.39 0.0392698 0.197498 1 100 1.21428 2.1784
59173 17.4 0.0392698 0.197498 1 100 1.21427 2.17841
59207 17.41 0.0392698 0.197497 1 100 1.21427 2.17842
59241 17.42 0.0392698 0.197497 1 100 1.21427 2.17843
59275 17.43 0.0392698 0.197498 1 100 1.21427 2.17844
59309 17.44 0.0392698 0.197497 1 100 1.21427 2.17845
59343 17.45 0.0392698 0.197497 1 100 1.21426 2.17846
59377 17.46 0.0392698 0.197497 1 100 1.21426 2.17847
59411 17.47 0.0392698 0.197497 1 100 1.21426 2.17848
59445 17.48 0.0392698 0.197497 1 100 1.21426 2.17849
59479 17.49 0.0392698 0.197497 1 100 1.21426 2.1785
59513 17.5 0.0392698 0.197497 1 100 1.21425 2.17851
59547 17.51 0.0392698 0.197497 1 100 1.21425 2.17852
59581 17.52 0.0392698 0.197497 1 100 1.21425 2.17853
59615 17.53 0.0392698 0.197497 1 100 1.21425 2.17854
59649 17.54 0.0392698 0.197497 1 100 1.21425 2.17855
59683 17.55 0.0392698 0.197497 1 100 1.21424 2.17856
59717 17.56 0.0392698 0.197497 1 100 1.21424 2.17857
59751 17.57 0.0392698 0.197496 1 100 1.21424 2.17858
59785 17.58 0.0392698 0.197498 1 100 1.21424 2.17859
59819 17.59 0.0392698 0.197498 1 100 1.21424 2.1786
59853 17.6 0.0392698 0.197498 1 100 1.21423 2.17861
59887 17.61 0.0392698 0.197498 1 100 1.21423 2.17862
59921 17.62 0.0392698 0.197498 1 100 1.21423 2.17863
59955 17.63 0.0392698 0.197498 1 100 1.21423 2.17864
59989 17.64 0.0392698 0.197498 1 100 1.21423 2.17865
60023 17.65 0.0392698 0.197498 1 100 1.21423 2.17866
60057 17.66 0.0392698 0.197498 1 100 1.21423 2.17868
60091 17.67 0.0392698 0.197498 1 100 1.21423 2.17869
60125 17.68 0.0392698 0.197498 1 100 1.21423 2.1787
60159 17.69 0.0392698 0.197498 1 100 1.21423 2.17871
60193 17.7 0.0392698 0.197498 1 100 1.21423 2.17872
60227 17.71 0.0392698 0.197498 1 100 1.21423 2.17874
60261 17.72 0.0392698 0.197498 1 100 1.21423 2.17875
60295 17.73 0.0392698 0.197498 1 100 1.21423 2.17876
60329 17.74 0.0392698 0.197498 1 100 1.21423 2.17877
60363 17.75 0.0392698 0.197498 1 100 1.21423 2.17879
60397 17.76 0.0392698 0.197498 1 100 1.21424 2.1788
60431 17.77 0.0392698 0.197498 1 100 1.21424 2.17881
60465 17.78 0.0392698 0.197497 1 100 1.21424 2.17882
60499 17.79 0.0392698 0.197497 1 100 1.21424 2.17884
60533 17.8 0.0392698 0.197497 1 100 1.21424 2.17885
60567 17.81 0.0392698 0.197497 1 100 1.21425 2.17886
60601 17.82 0.0392698 0.197497 1 100 1.21425 2.17887
60635 17.83 0.0392698 0.197497 1 100 1.21425 2.17889
60669 17.84 0.0392698 0.197497 1 100 1.21425 2.1789
60703 17.85 0.0392698 0.197497 1 100 1.21425 2.17891
60737 17.86 0.0392698 0.197497 1 100 1.21425 2.17893
60771 17.87 0.0392698 0.197497 1 100 1.21425 2.17894
60805 17.88 0.0392698 0.197496 1 100 1.21425 2.17895
60839 17.89 0.0392698 0.197497 1 100 1.21425 2.17896
60873 17.9 0.0392698 0.197496 1 100 1.21425 2.17898
60907 17.91 0.0392698 0.197497 1 100 1.21425 2.17899
60941 17.92 0.0392698 0.197497 1 100 1.21425 2.179
60975 17.93 0.0392698 0.197497 1 100 1.21425 2.17901
61009 17.94 0.0392698 0.197496 1 100 1.21425 2.17903
61043 17.95 0.0392698 0.197497 1 100 1.21425 2.17904
61077 17.96 0.0392698 0.197496 1 100 1.21425 2.17905
61111 17.97 0.0392698 0.197496 1 100 1.21424 2.17906
61145 17.98 0.0392698 0.197496 1 100 1.21424 2.17907
61179 17.99 0.0392698 0.197496 1 100 1.21424 2.17908
61213 18 0.0392698 0.197496 1 100 1.21424 2.1791
61247 18.01 0.0392698 0.197496 1 100 1.21424 2.17911
61281 18.02 0.0392698 0.197496 1 100 1.21424 2.17912
61315 18.03 0.0392698 0.197496 1 100 1.21424 2.17913
61349 18.04 0.0392698 0.197496 1 100 1.21424 2.17914
61383 18.05 0.0392698 0.197497 1 100 1.21423 2.17915
61417 18.06 0.0392698 0.197497 1 100 1.21423 2.17917
61451 18.07 0.0392698 0.197498 1 100 1.21423 2.17918
61485 18.08 0.0392698 0.197499 1 100 1.21423 2.17919
61519 18.09 0.0392698 0.197498 1 100 1.21423 2.1792
61553 18.1 0.0392698 0.197498 1 100 1.21423 2.17921
61587 18.11 0.0392698 0.197498 1 100 1.21424 2.17922
61621 18.12 0.0392698 0.197498 1 100 1.21424 2.17923
61655 18.13 0.0392698 0.197497 1 100 1.21424 2.17924
61689 18.14 0.0392698 0.197498 1 100 1.21424 2.17925
61723 18.15 0.0392698 0.197498 1 100 1.21424 2.17926
61757 18.16 0.0392698 0.197497 1 100 1.21424 2.17927
61791 18.17 0.0392698 0.197497 1 100 1.21424 2.17928
61825 18.18 0.0392698 0.197498 1 100 1.21425 2.17929
61859 18.19 0.0392698 0.197497 1 100 1.21425 2.1793
61893 18.2 0.0392698 0.197497 1 100 1.21425 2.17931
61927 18.21 0.0392698 0.197497 1 100 1.21425 2.17932
61961 18.22 0.0392698 0.197497 1 100 1.21426 2.17933
61995 18.23 0.0392698 0.197497 1 100 1.21426 2.17933
62029 18.24 0.0392698 0.197497 1 100 1.21426 2.17934
62063 18.25 0.0392698 0.197497 1 100 1.21427 2.17935
62097 18.26 0.0392698 0.197497 1 100 1.21427 2.17936
62131 18.27 0.0392698 0.197496 1 100 1.21428 2.17936
62165 18.28 0.0392698 0.197497 1 100 1.21428 2.17937
62199 18.29 0.0392698 0.197496 1 100 1.21428 2.17938
62233 18.3 0.0392698 0.197496 1 100 1.21429 2.17938
62267 18.31 0.0392698 0.197496 1 100 1.21429 2.17939
62301 18.32 0.0392698 0.197497 1 100 1.2143 2.1794
62335 18.33 0.0392698 0.197496 1 100 1.2143 2.17941
62369 18.34 0.0392698 0.197496 1 100 1.2143 2.17941
62403 18.35 0.0392698 0.197497 1 100 1.21431 2.17942
62437 18.36 0.0392698 0.197497 1 100 1.21431 2.17943
62471 18.37 0.0392698 0.197496 1 100 1.21431 2.17944
62505 18.38 0.0392698 0.197496 1 100 1.21432 2.17944
62539 18.39 0.0392698 0.197496 1 100 1.21432 2.17945
62573 18.4 0.0392698 0.197496 1 100 1.21433 2.17946
62607 18.41 0.0392698 0.197496 1 100 1.21433 2.17947
62641 18.42 0.0392698 0.197496 1 100 1.21433 2.17948
62675 18.43 0.0392698 0.197496 1 100 1.21434 2.17949
62709 18.44 0.0392698 0.197495 1 100 1.21434 2.1795
62743 18.45 0.0392698 0.197496 1 100 1.21434 2.17951
62777 18.46 0.0392698 0.197496 1 100 1.21434 2.17953
62811 18.47 0.0392698 0.197495 1 100 1.21435 2.17954
62845 18.48 0.0392698 0.197496 1 100 1.21435 2.17955
62879 18.49 0.0392698 0.197496 1 100 1.21435 2.17957
62913 18.5 0.0392698 0.197496 1 100 1.21436 2.17958
62947 18.51 0.0392698 0.197496 1 100 1.21436 2.17959
62981 18.52 0.0392698 0.197496 1 100 1.21436 2.17961
63015 18.53 0.0392698 0.197496 1 100 1.21436 2.17962
63049 18.54 0.0392698 0.197496 1 100 1.21437 2.17964
63083 18.55 0.0392698 0.197496 1 100 1.21437 2.17965
63117 18.56 0.0392698 0.197496 1 100 1.21437 2.17966
63151 18.57 0.0392698 0.197496 1 100 1.21437 2.17968
63185 18.58 0.0392698 0.197496 1 100 1.21437 2.17969
63219 18.59 0.0392698 0.197495 1 100 1.21438 2.17971
63253 18.6 0.0392698 0.197496 1 100 1.21438 2.17972
63287 18.61 0.0392698 0.197495 1 100 1.21438 2.17973
63321 18.62 0.0392698 0.197496 1 100 1.21438 2.17974
63355 18.63 0.0392698 0.197495 1 100 1.21438 2.17976
63389 18.64 0.0392698 0.197497 1 100 1.21439 2.17977
63423 18.65 0.0392698 0.197497 1 100 1.21439 2.17978
63457 18.66 0.0392698 0.197497 1 100 1.21439 2.17979
63491 18.67 0.0392698 0.197496 1 100 1.21439 2.17981
63525 18.68 0.0392698 0.197496 1 100 1.21439 2.17982
63559 18.69 0.0392698 0.197496 1 100 1.21439 2.17983
63593 18.7 0.0392698 0.197496 1 100 1.21439 2.17984
63627 18.71 0.0392698 0.197496 1 100 1.21439 2.17985
63661 18.72 0.0392698 0.197496 1 100 1.21439 2.17986
63695 18.73 0.0392698 0.197497 1 100 1.21439 2.17987
63729 18.74 0.0392698 0.197496 1 100 1.21439 2.17988
63763 18.75 0.0392698 0.197495 1 100 1.21439 2.17989
63797 18.76 0.0392698 0.197495 1 100 1.21439 2.1799
63831 18.77 0.0392698 0.197495 1 100 1.21438 2.17991
63865 18.78 0.0392698 0.197496 1 100 1.21438 2.17991
63899 18.79 0.0392698 0.197495 1 100 1.21438 2.17992
63933 18.8 0.0392698 0.197495 1 100 1.21438 2.17993
63967 18.81 0.0392698 0.197495 1 100 1.21438 2.17993
64001 18.82 0.0392698 0.197496 1 100 1.21438 2.17994
64035 18.83 0.0392698 0.197496 1 100 1.21438 2.17994
64069 18.84 0.0392698 0.197496 1 100 1.21438 2.17995
64103 18.85 0.0392698 0.197497 1 100 1.21438 2.17995
64137 18.86 0.0392698 0.197497 1 100 1.21438 2.17995
64171 18.87 0.0392698 0.197497 1 100 1.21438 2.17995
64205 18.88 0.0392698 0.197497 1 100 1.21438 2.17996
64239 18.89 0.0392698 0.197497 1 100 1.21438 2.17996
64273 18.9 0.0392698 0.197497 1 100 1.21438 2.17996
64307 18.91 0.0392698 0.197497 1 100 1.21438 2.17996
64341 18.92 0.0392698 0.197497 1 100 1.21439 2.17997
64375 18.93 0.0392698 0.197497 1 100 1.21439 2.17997
64409 18.94 0.0392698 0.197497 1 100 1.21439 2.17997
64443 18.95 0.0392698 0.197497 1 100 1.21439 2.17997
64477 18.96 0.0392698 0.197497 1 100 1.21439 2.17997
64511 18.97 0.0392698 0.197497 1 100 1.2144 2.17997
64545 18.98 0.0392698 0.197497 1 100 1.2144 2.17997
64579 18.99 0.0392698 0.197496 1 100 1.2144 2.17997
64613 19 0.0392698 0.197496 1 100 1.21441 2.17997
64647 19.01 0.0392698 0.197496 1 100 1.21441 2.17997
64681 19.02 0.0392698 0.197497 1 100 1.21441 2.17997
64715 19.03 0.0392698 0.197497 1 100 1.21442 2.17997
64749 19.04 0.0392698 0.197497 1 100 1.21442 2.17997
64783 19.05 0.0392698 0.197497 1 100 1.21442 2.17997
64817 19.06 0.0392698 0.197497 1 100 1.21442 2.17997
64851 19.07 0.0392698 0.197497 1 100 1.21442 2.17997
64885 19.08 0.0392698 0.197497 1 100 1.21442 2.17997
64919 19.09 0.0392698 0.197497 1 100 1.21442 2.17997
64953 19.1 0.0392698 0.197497 1 100 1.21442 2.17997
64987 19.11 0.0392698 0.197497 1 100 1.21442 2.17997
65021 19.12 0.0392698 0.197497 1 100 1.21441 2.17997
65055 19.13 0.0392698 0.197497 1 100 1.21441 2.17997
65089 19.14 0.0392698 0.197497 1 100 1.21441 2.17997
65123 19.15 0.0392698 0.197497 1 100 1.21441 2.17997
65157 19.16 0.0392698 0.197497 1 100 1.21441 2.17997
65191 19.17 0.0392698 0.197498 1 100 1.21441 2.17997
65225 19.18 0.0392698 0.197497 1 100 1.21441 2.17997
65259 19.19 0.0392698 0.197498 1 100 1.21441 2.17998
65293 19.2 0.0392698 0.197498 1 100 1.2144 2.17998
65327 19.21 0.0392698 0.197498 1 100 1.2144 2.17998
65361 19.22 0.0392697 0.197498 1 100 1.2144 2.17999
65395 19.23 0.0392697 0.197498 1 100 1.2144 2.17999
65429 19.24 0.0392697 0.197498 1 100 1.21439 2.17999
65463 19.25 0.0392697 0.197498 1 100 1.21439 2.18
65497 19.26 0.0392697 0.197498 1 100 1.21438 2.18001
65531 19.27 0.0392697 0.197498 1 100 1.21438 2.18001
65565 19.28 0.0392697 0.197498 1 100 1.21438 2.18002
65599 19.29 0.0392697 0.197498 1 100 1.21437 2.18003
65633 19.3 0.0392697 0.197498 1 100 1.21437 2.18004
65667 19.31 0.0392697 0.197498 1 100 1.21437 2.18005
65701 19.32 0.0392697 0.197498 1 100 1.21436 2.18006
65735 19.33 0.0392697 0.197498 1 100 1.21436 2.18007
65769 19.34 0.0392697 0.197498 1 100 1.21436 2.18008
65803 19.35 0.0392697 0.197498 1 100 1.21435 2.18009
65837 19.36 0.0392697 0.197498 1 100 1.21435 2.1801
65871 19.37 0.0392697 0.197498 1 100 1.21435 2.18011
65905 19.38 0.0392697 0.197498 1 100 1.21434 2.18012
65939 19.39 0.0392697 0.197498 1 100 1.21434 2.18014
65973 19.4 0.0392697 0.197498 1 100 1.21434 2.18015
66007 19.41 0.0392697 0.197498 1 100 1.21433 2.18017
66041 19.42 0.0392697 0.197498 1 100 1.21433 2.18018
66075 19.43 0.0392697 0.197498 1 100 1.21432 2.18019
66109 19.44 0.0392697 0.197498 1 100 1.21432 2.18021
66143 19.45 0.0392697 0.197498 1 100 1.21431 2.18022
66177 19.46 0.0392697 0.197498 1 100 1.2143 2.18024
66211 19.47 0.0392697 0.197498 1 100 1.2143 2.18025
66245 19.48 0.0392697 0.197498 1 100 1.21429 2.18027
66279 19.49 0.0392697 0.197498 1 100 1.21428 2.18028
66313 19.5 0.0392697 0.197498 1 100 1.21428 2.1803
66347 19.51 0.0392697 0.197498 1 100 1.21427 2.18031
66381 19.52 0.0392697 0.197498 1 100 1.21426 2.18033
66415 19.53 0.0392697 0.197498 1 100 1.21425 2.18034
66449 19.54 0.0392697 0.197498 1 100 1.21425 2.18036
66483 19.55 0.0392697 0.197498 1 100 1.21424 2.18037
66517 19.56 0.0392697 0.197498 1 100 1.21423 2.18039
66551 19.57 0.0392697 0.197498 1 100 1.21422 2.1804
66585 19.58 0.0392697 0.197498 1 100 1.21421 2.18042
66619 19.59 0.0392697 0.197498 1 100 1.2142 2.18043
66653 19.6 0.0392697 0.197498 1 100 1.21419 2.18045
66687 19.61 0.0392697 0.197498 1 100 1.21418 2.18046
66721 19.62 0.0392697 0.197498 1 100 1.21418 2.18048
66755 19.63 0.0392697 0.197498 1 100 1.21417 2.18049
66789 19.64 0.0392697 0.197498 1 100 1.21415 2.18051
66823 19.65 0.0392697 0.197498 1 100 1.21414 2.18052
66857 19.66 0.0392697 0.197498 1 100 1.21413 2.18054
66891 19.67 0.0392697 0.197498 1 100 1.21412 2.18055
66925 19.68 0.0392697 0.197498 1 100 1.21411 2.18057
66959 19.69 0.0392697 0.197498 1 100 1.2141 2.18058
66993 19.7 0.0392697 0.197498 1 100 1.21409 2.1806
67027 19.71 0.0392697 0.197498 1 100 1.21408 2.18062
67061 19.72 0.0392697 0.197498 1 100 1.21407 2.18063
67095 19.73 0.0392697 0.197497 1 100 1.21406 2.18065
67129 19.74 0.0392697 0.197498 1 100 1.21405 2.18066
67163 19.75 0.0392697 0.197498 1 100 1.21404 2.18068
67197 19.76 0.0392697 0.197497 1 100 1.21403 2.18069
67231 19.77 0.0392697 0.197498 1 100 1.21402 2.18071
67265 19.78 0.0392697 0.197498 1 100 1.214 2.18072
67299 19.79 0.0392697 0.197499 1 100 1.21399 2.18074
67333 19.8 0.0392697 0.1975 1 100 1.21398 2.18076
67367 19.81 0.0392697 0.1975 1 100 1.21397 2.18077
67401 19.82 0.0392697 0.1975 1 100 1.21396 2.18079
67435 19.83 0.0392697 0.1975 1 100 1.21395 2.1808
67469 19.84 0.0392697 0.1975 1 100 1.21394 2.18082
67503 19.85 0.0392697 0.1975 1 100 1.21393 2.18083
67537 19.86 0.0392697 0.1975 1 100 1.21392 2.18085
67571 19.87 0.0392697 0.1975 1 100 1.2139 2.18086
67605 19.88 0.0392697 0.1975 1 100 1.21389 2.18088
67639 19.89 0.0392697 0.1975 1 100 1.21388 2.18089
67673 19.9 0.0392697 0.1975 1 100 1.21387 2.18091
67707 19.91 0.0392697 0.1975 1 100 1.21385 2.18093
67741 19.92 0.0392697 0.197499 1 100 1.21384 2.18094
67775 19.93 0.0392697 0.1975 1 100 1.21383 2.18095
67809 19.94 0.0392697 0.1975 1 100 1.21382 2.18097
67843 19.95 0.0392697 0.1975 1 100 1.2138 2.18098
67877 19.96 0.0392697 0.1975 1 100 1.21379 2.181
67911 19.97 0.0392697 0.1975 1 100 1.21378 2.18101
67945 19.98 0.0392697 0.1975 1 100 1.21377 2.18103
67979 19.99 0.0392697 0.1975 1 100 1.21376 2.18104
68013 20 0.0392697 0.1975 1 100 1.21374 2.18106
68047 20.01 0.0392697 0.1975 1 100 1.21373 2.18107
68081 20.02 0.0392697 0.1975 1 100 1.21372 2.18109
68115 20.03 0.0392697 0.1975 1 100 1.21371 2.18111
68149 20.04 0.0392697 0.1975 1 100 1.2137 2.18112
68183 20.05 0.0392697 0.197501 1 100 1.21369 2.18114
68217 20.06 0.0392697 0.197501 1 100 1.21367 2.18116
68251 20.07 0.0392697 0.197501 1 100 1.21366 2.18117
68285 20.08 0.0392697 0.197501 1 100 1.21365 2.18119
68319 20.09 0.0392697 0.197501 1 100 1.21364 2.18121
68353 20.1 0.0392697 0.197502 1 100 1.21363 2.18122
68387 20.11 0.0392697 0.197502 1 100 1.21362 2.18124
68421 20.12 0.0392697 0.197501 1 100 1.21361 2.18126
68455 20.13 0.0392697 0.197501 1 100 1.2136 2.18127
68489 20.14 0.0392697 0.197501 1 100 1.21359 2.18129
68523 20.15 0.0392697 0.197501 1 100 1.21358 2.18131
68557 20.16 0.0392697 0.197501 1 100 1.21356 2.18133
68591 20.17 0.0392697 0.197501 1 100 1.21355 2.18134
68625 20.18 0.0392697 0.197501 1 100 1.21354 2.18136
68659 20.19 0.0392697 0.197501 1 100 1.21353 2.18138
68693 20.2 0.0392697 0.197501 1 100 1.21352 2.1814
68727 20.21 0.0392697 0.197501 1 100 1.21351 2.18141
68761 20.22 0.0392697 0.197501 1 100 1.21349 2.18143
68795 20.23 0.0392697 0.197501 1 100 1.21348 2.18145
68829 20.24 0.0392697 0.197501 1 100 1.21347 2.18146
68863 20.25 0.0392697 0.197501 1 100 1.21346 2.18148
68897 20.26 0.0392697 0.197501 1 100 1.21345 2.1815
68931 20.27 0.0392697 0.197502 1 100 1.21344 2.18152
68965 20.28 0.0392697 0.197502 1 100 1.21343 2.18154
68999 20.29 0.0392697 0.197502 1 100 1.21342 2.18155
69033 20.3 0.0392697 0.197502 1 100 1.21341 2.18157
69067 20.31 0.0392697 0.197502 1 100 1.2134 2.18159
69101 20.32 0.0392697 0.197502 1 100 1.21339 2.18161
69135 20.33 0.0392697 0.197503 1 100 1.21338 2.18162
69169 20.34 0.0392697 0.197503 1 100 1.21337 2.18164
69203 20.35 0.0392697 0.197503 1 100 1.21336 2.18166
69237 20.36 0.0392697 0.197503 1 100 1.21334 2.18168
69271 20.37 0.0392697 0.197502 1 100 1.21333 2.18169
69305 20.38 0.0392697 0.197502 1 100 1.21332 2.18171
69339 20.39 0.0392697 0.197502 1 100 1.21331 2.18173
69373 20.4 0.0392697 0.197502 1 100 1.2133 2.18175
69407 20.41 0.0392697 0.197502 1 100 1.21329 2.18178
69441 20.42 0.0392697 0.197502 1 100 1.21328 2.1818
69475 20.43 0.0392697 0.197502 1 100 1.21327 2.18182
69509 20.44 0.0392697 0.197502 1 100 1.21326 2.18184
69543 20.45 0.0392697 0.197502 1 100 1.21325 2.18186
69577 20.46 0.0392697 0.197502 1 100 1.21324 2.18188
69611 20.47 0.0392697 0.197502 1 100 1.21323 2.18191
69645 20.48 0.0392697 0.197502 1 100 1.21322 2.18193
69679 20.49 0.0392697 0.197502 1 100 1.21321 2.18195
69713 20.5 0.0392697 0.197501 1 100 1.2132 2.18197
69747 20.51 0.0392697 0.197501 1 100 1.21319 2.18199
69781 20.52 0.0392697 0.197501 1 100 1.21319 2.18201
69815 20.53 0.0392697 0.197501 1 100 1.21318 2.18203
69849 20.54 0.0392697 0.197501 1 100 1.21317 2.18205
69883 20.55 0.0392697 0.197501 1 100 1.21316 2.18208
69917 20.56 0.0392697 0.197501 1 100 1.21316 2.1821
69951 20.57 0.0392697 0.197501 1 100 1.21315 2.18212
69985 20.58 0.0392697 0.197501 1 100 1.21314 2.18214
70019 20.59 0.0392697 0.197501 1 100 1.21314 2.18216
70053 20.6 0.0392697 0.197501 1 100 1.21313 2.18218
70087 20.61 0.0392697 0.197501 1 100 1.21312 2.1822
70121 20.62 0.0392697 0.197501 1 100 1.21312 2.18222
70155 20.63 0.0392697 0.197501 1 100 1.21311 2.18224
70189 20.64 0.0392697 0.197501 1 100 1.2131 2.18226
70223 20.65 0.0392697 0.197501 1 100 1.21309 2.18228
70257 20.66 0.0392697 0.197501 1 100 1.21309 2.1823
70291 20.67 0.0392697 0.197501 1 100 1.21308 2.18232
70325 20.68 0.0392697 0.197501 1 100 1.21307 2.18234
70359 20.69 0.0392697 0.197501 1 100 1.21307 2.18236
70393 20.7 0.0392697 0.197501 1 100 1.21306 2.18239
70427 20.71 0.0392697 0.197501 1 100 1.21305 2.18241
70461 20.72 0.0392697 0.197501 1 100 1.21304 2.18243
70495 20.73 0.0392697 0.197501 1 100 1.21303 2.18245
70529 20.74 0.0392697 0.197501 1 100 1.21303 2.18247
70563 20.75 0.0392697 0.197501 1 100 1.21302 2.18249
70597 20.76 0.0392697 0.197501 1 100 1.21301 2.18251
70631 20.77 0.0392697 0.197501 1 100 1.213 2.18254
70665 20.78 0.0392697 0.197501 1 100 1.21299 2.18256
70699 20.79 0.0392697 0.197501 1 100 1.21298 2.18258
70733 20.8 0.0392697 0.197501 1 100 1.21297 2.1826
70767 20.81 0.0392697 0.197501 1 100 1.21296 2.18262
70801 20.82 0.0392697 0.197501 1 100 1.21296 2.18264
70835 20.83 0.0392697 0.197501 1 100 1.21295 2.18267
70869 20.84 0.0392697 0.197501 1 100 1.21294 2.18269
70903 20.85 0.0392697 0.197501 1 100 1.21293 2.18271
70937 20.86 0.0392697 0.197501 1 100 1.21292 2.18274
70971 20.87 0.0392697 0.197501 1 100 1.21291 2.18276
71005 20.88 0.0392697 0.197501 1 100 1.2129 2.18279
71039 20.89 0.0392697 0.197501 1 100 1.21289 2.18281
71073 20.9 0.0392697 0.197501 1 100 1.21288 2.18283
71107 20.91 0.0392697 0.197501 1 100 1.21287 2.18286
71141 20.92 0.0392697 0.197501 1 100 1.21286 2.18288
71175 20.93 0.0392697 0.197501 1 100 1.21285 2.1829
71209 20.94 0.0392697 0.197501 1 100 1.21285 2.18292
71243 20.95 0.0392697 0.197501 1 100 1.21284 2.18294
71277 20.96 0.0392697 0.197501 1 100 1.21283 2.18296
71311 20.97 0.0392697 0.197501 1 100 1.21283 2.18299
71345 20.98 0.0392697 0.197501 1 100 1.21282 2.18301
71379 20.99 0.0392697 0.197501 1 100 1.21281 2.18303
71413 21 0.0392697 0.197501 1 100 1.21281 2.18304
71447 21.01 0.0392697 0.197501 1 100 1.2128 2.18306
71481 21.02 0.0392697 0.197501 1 100 1.2128 2.18308
71515 21.03 0.0392697 0.197501 1 100 1.21279 2.1831
71549 21.04 0.0392697 0.197501 1 100 1.21279 2.18312
71583 21.05 0.0392697 0.197501 1 100 1.21278 2.18313
71617 21.06 0.0392697 0.197501 1 100 1.21278 2.18315
71651 21.07 0.0392697 0.197501 1 100 1.21278 2.18316
71685 21.08 0.0392697 0.1975 1 100 1.21277 2.18318
71719 21.09 0.0392697 0.197501 1 100 1.21277 2.18319
71753 21.1 0.0392697 0.1975 1 100 1.21277 2.1832
71787 21.11 0.0392697 0.1975 1 100 1.21276 2.18322
71821 21.12 0.0392697 0.197501 1 100 1.21276 2.18323
71855 21.13 0.0392697 0.1975 1 100 1.21276 2.18324
71889 21.14 0.0392697 0.1975 1 100 1.21276 2.18325
71923 21.15 0.0392697 0.1975 1 100 1.21276 2.18326
71957 21.16 0.0392697 0.197501 1 100 1.21276 2.18327
71991 21.17 0.0392697 0.1975 1 100 1.21276 2.18328
72025 21.18 0.0392697 0.1975 1 100 1.21276 2.18329
72059 21.19 0.0392697 0.1975 1 100 1.21276 2.1833
72093 21.2 0.0392697 0.1975 1 100 1.21276 2.18331
72127 21.21 0.0392697 0.1975 1 100 1.21276 2.18332
72161 21.22 0.0392697 0.1975 1 100 1.21275 2.18333
72195 21.23 0.0392697 0.1975 1 100 1.21275 2.18333
72229 21.24 0.0392697 0.1975 1 100 1.21275 2.18334
72263 21.25 0.0392697 0.1975 1 100 1.21275 2.18335
72297 21.26 0.0392697 0.1975 1 100 1.21275 2.18336
72331 21.27 0.0392697 0.1975 1 100 1.21275 2.18336
72365 21.28 0.0392697 0.1975 1 100 1.21275 2.18337
72399 21.29 0.0392697 0.1975 1 100 1.21274 2.18337
72433 21.3 0.0392697 0.1975 1 100 1.21274 2.18338
72467 21.31 0.0392697 0.1975 1 100 1.21274 2.18339
72501 21.32 0.0392697 0.1975 1 100 1.21274 2.18339
72535 21.33 0.0392697 0.1975 1 100 1.21274 2.1834
72569 21.34 0.0392697 0.1975 1 100 1.21273 2.1834
72603 21.35 0.0392697 0.1975 1 100 1.21273 2.18341
72637 21.36 0.0392697 0.1975 1 100 1.21273 2.18342
72671 21.37 0.0392697 0.1975 1 100 1.21273 2.18342
72705 21.38 0.0392697 0.1975 1 100 1.21272 2.18343
72739 21.39 0.0392697 0.1975 1 100 1.21272 2.18343
72773 21.4 0.0392697 0.1975 1 100 1.21272 2.18344
72807 21.41 0.0392697 0.1975 1 100 1.21272 2.18345
72841 21.42 0.0392697 0.1975 1 100 1.21272 2.18345
72875 21.43 0.0392697 0.1975 1 100 1.21271 2.18346
72909 21.44 0.0392697 0.1975 1 100 1.21271 2.18347
72943 21.45 0.0392697 0.1975 1 100 1.21271 2.18347
72977 21.46 0.0392697 0.1975 1 100 1.21271 2.18348
73011 21.47 0.0392697 0.1975 1 100 1.21271 2.18349
73045 21.48 0.0392697 0.1975 1 100 1.21271 2.18349
73079 21.49 0.0392697 0.1975 1 100 1.2127 2.1835
73113 21.5 0.0392697 0.1975 1 100 1.2127 2.18351
73147 21.51 0.0392697 0.1975 1 100 1.2127 2.18351
73181 21.52 0.0392697 0.1975 1 100 1.2127 2.18352
73215 21.53 0.0392697 0.1975 1 100 1.2127 2.18353
73249 21.54 0.0392697 0.1975 1 100 1.2127 2.18353
73283 21.55 0.0392697 0.1975 1 100 1.2127 2.18354
73317 21.56 0.0392697 0.1975 1 100 1.2127 2.18355
73351 21.57 0.0392697 0.197499 1 100 1.2127 2.18356
73385 21.58 0.0392697 0.197499 1 100 1.2127 2.18356
73419 21.59 0.0392697 0.1975 1 100 1.2127 2.18357
73453 21.6 0.0392697 0.1975 1 100 1.2127 2.18358
73487 21.61 0.0392697 0.197499 1 100 1.21269 2.18358
73521 21.62 0.0392697 0.197499 1 100 1.21269 2.18359
73555 21.63 0.0392697 0.1975 1 100 1.21269 2.1836
73589 21.64 0.0392697 0.197499 1 100 1.21268 2.1836
73623 21.65 0.0392697 0.197499 1 100 1.21268 2.18361
73657 21.66 0.0392697 0.197499 1 100 1.21268 2.18362
73691 21.67 0.0392697 0.197499 1 100 1.21268 2.18362
73725 21.68 0.0392697 0.1975 1 100 1.21267 2.18363
73759 21.69 0.0392697 0.1975 1 100 1.21267 2.18364
73793 21.7 0.0392697 0.197499 1 100 1.21267 2.18364
73827 21.71 0.0392697 0.1975 1 100 1.21267 2.18365
73861 21.72 0.0392697 0.197499 1 100 1.21266 2.18365
73895 21.73 0.0392697 0.197499 1 100 1.21266 2.18366
73929 21.74 0.0392697 0.197499 1 100 1.21266 2.18366
73963 21.75 0.0392697 0.197499 1 100 1.21266 2.18367
73997 21.76 0.0392697 0.197499 1 100 1.21266 2.18367
74031 21.77 0.0392696 0.197499 1 100 1.21266 2.18368
74065 21.78 0.0392696 0.197499 1 100 1.21266 2.18368
74099 21.79 0.0392696 0.197499 1 100 1.21266 2.18369
74133 21.8 0.0392696 0.197499 1 100 1.21266 2.18369
74167 21.81 0.0392696 0.1975 1 100 1.21266 2.18369
74201 21.82 0.0392696 0.1975 1 100 1.21266 2.1837
74235 21.83 0.0392696 0.1975 1 100 1.21266 2.1837
74269 21.84 0.0392696 0.197499 1 100 1.21266 2.1837
74303 21.85 0.0392696 0.197499 1 100 1.21267 2.18371
74337 21.86 0.0392696 0.197499 1 100 1.21267 2.18371
74371 21.87 0.0392696 0.197499 1 100 1.21267 2.18371
74405 21.88 0.0392696 0.197499 1 100 1.21267 2.18371
74439 21.89 0.0392696 0.1975 1 100 1.21267 2.18372
74473 21.9 0.0392696 0.197499 1 100 1.21267 2.18372
74507 21.91 0.0392696 0.197499 1 100 1.21267 2.18372
74541 21.92 0.0392696 0.197499 1 100 1.21267 2.18372
74575 21.93 0.0392696 0.197499 1 100 1.21267 2.18372
74609 21.94 0.0392696 0.197499 1 100 1.21267 2.18372
74643 21.95 0.0392696 0.197499 1 100 1.21267 2.18372
74677 21.96 0.0392696 0.197499 1 100 1.21267 2.18372
74711 21.97 0.0392696 0.197499 1 100 1.21266 2.18372
74745 21.98 0.0392696 0.197499 1 100 1.21266 2.18372
74779 21.99 0.0392696 0.197499 1 100 1.21266 2.18372
74813 22 0.0392696 0.197499 1 100 1.21266 2.18372
74847 22.01 0.0392696 0.197499 1 100 1.21266 2.18372
74881 22.02 0.0392696 0.197499 1 100 1.21266 2.18372
74915 22.03 0.0392696 0.197499 1 100 1.21266 2.18372
